Year,Month,Block,Plot,ID,Quadrat,Treatment,Species,Coverage
2024,June,1,1,1-1,1,Soil Inversion,Androppogon virginicus,0
2024,June,1,1,1-1,1,Soil Inversion,Bare Ground,2
2024,June,1,1,1-1,1,Soil Inversion,Bidens alba,4
2024,June,1,1,1-1,1,Soil Inversion,Cynodon dactylon,4
2024,June,1,1,1-1,1,Soil Inversion,Cyperus spp.,2
2024,June,1,1,1-1,1,Soil Inversion,Erigeron canadensis,0
2024,June,1,1,1-1,1,Soil Inversion,Indigofera hirsuta,0
2024,June,1,1,1-1,1,Soil Inversion,Lactuca canadensis,0
2024,June,1,1,1-1,1,Soil Inversion,Oenethra laciniata,4
2024,June,1,1,1-1,1,Soil Inversion,Oxalis corniculata,0
,June,1,1,1-1,1,Soil Inversion,Paspalum notatum,9
2024,June,1,1,1-1,1,Soil Inversion,Paspalum setaceum,0
2024,June,1,1,1-1,1,Soil Inversion,Richardia spp.,0
2024,June,1,1,1-1,1,Soil Inversion,Sida rhombifolia,2
2024,June,1,1,1-1,2,Soil Inversion,Androppogon virginicus,0
2024,June,1,1,1-1,2,Soil Inversion,Bare Ground,0
2024,June,1,1,1-1,2,Soil Inversion,Bidens alba,5
2024,June,1,1,1-1,2,Soil Inversion,Cynodon dactylon,0
2024,June,1,1,1-1,2,Soil Inversion,Cyperus spp.,2
2024,June,1,1,1-1,2,Soil Inversion,Erigeron canadensis,0
2024,June,1,1,1-1,2,Soil Inversion,Indigofera hirsuta,0
2024,June,1,1,1-1,2,Soil Inversion,Lactuca canadensis,0
2024,June,1,1,1-1,2,Soil Inversion,Oenethra laciniata,0
2024,June,1,1,1-1,2,Soil Inversion,Oxalis corniculata,2
2024,June,1,1,1-1,2,Soil Inversion,Paspalum notatum,9
2024,June,1,1,1-1,2,Soil Inversion,Paspalum setaceum,0
2024,June,1,1,1-1,2,Soil Inversion,Richardia spp.,0
2024,June,1,1,1-1,3,Soil Inversion,Androppogon virginicus,0
2024,June,1,1,1-1,3,Soil Inversion,Bare Ground,0
2024,June,1,1,1-1,3,Soil Inversion,Cynodon dactylon,4
2024,June,1,1,1-1,3,Soil Inversion,Cyperus spp.,2
2024,June,1,1,1-1,3,Soil Inversion,Erigeron canadensis,0
2024,June,1,1,1-1,3,Soil Inversion,Indigofera hirsuta,0
2024,June,1,1,1-1,3,Soil Inversion,Lactuca canadensis,0
2024,June,1,1,1-1,3,Soil Inversion,Oenethra laciniata,5
2024,June,1,1,1-1,3,Soil Inversion,Oxalis corniculata,2
2024,June,1,1,1-1,3,Soil Inversion,Paspalum notatum,9
2024,June,1,1,1-1,3,Soil Inversion,Paspalum setaceum,0
2024,June,1,1,1-1,3,Soil Inversion,Richardia spp.,3
2024,June,1,1,1-1,4,Soil Inversion,Androppogon virginicus,0
2024,June,1,1,1-1,4,Soil Inversion,Bare Ground,2
2024,June,1,1,1-1,4,Soil Inversion,Cynodon dactylon,0
2024,June,1,1,1-1,4,Soil Inversion,Cyperus spp.,2
2024,June,1,1,1-1,4,Soil Inversion,Erigeron canadensis,0
2024,June,1,1,1-1,4,Soil Inversion,Indigofera hirsuta,0
2024,June,1,1,1-1,4,Soil Inversion,Lactuca canadensis,0
2024,June,1,1,1-1,4,Soil Inversion,Oenethra laciniata,5
2024,June,1,1,1-1,4,Soil Inversion,Oxalis corniculata,0
2024,June,1,1,1-1,4,Soil Inversion,Paspalum notatum,9
2024,June,1,1,1-1,4,Soil Inversion,Paspalum setaceum,0
2024,June,1,1,1-1,4,Soil Inversion,Richardia spp.,0
2024,June,1,1,1-1,5,Soil Inversion,Androppogon virginicus,0
2024,June,1,1,1-1,5,Soil Inversion,Bare Ground,0
2024,June,1,1,1-1,5,Soil Inversion,Cynodon dactylon,4
2024,June,1,1,1-1,5,Soil Inversion,Cyperus spp.,4
2024,June,1,1,1-1,5,Soil Inversion,Erigeron canadensis,2
2024,June,1,1,1-1,5,Soil Inversion,Indigofera hirsuta,1
2024,June,1,1,1-1,5,Soil Inversion,Lactuca canadensis,0
2024,June,1,1,1-1,5,Soil Inversion,Oenethra laciniata,5
2024,June,1,1,1-1,5,Soil Inversion,Oxalis corniculata,2
2024,June,1,1,1-1,5,Soil Inversion,Paspalum notatum,9
2024,June,1,1,1-1,5,Soil Inversion,Paspalum setaceum,0
2024,June,1,1,1-1,5,Soil Inversion,Richardia spp.,0
2024,June,1,1,1-1,6,Soil Inversion,Androppogon virginicus,0
2024,June,1,1,1-1,6,Soil Inversion,Bare Ground,0
2024,June,1,1,1-1,6,Soil Inversion,Bidens alba,4
2024,June,1,1,1-1,6,Soil Inversion,Cynodon dactylon,4
2024,June,1,1,1-1,6,Soil Inversion,Cyperus spp.,3
2024,June,1,1,1-1,6,Soil Inversion,Erigeron canadensis,0
2024,June,1,1,1-1,6,Soil Inversion,Indigofera hirsuta,3
2024,June,1,1,1-1,6,Soil Inversion,Lactuca canadensis,0
2024,June,1,1,1-1,6,Soil Inversion,Oenethra laciniata,4
2024,June,1,1,1-1,6,Soil Inversion,Oxalis corniculata,0
2024,June,1,1,1-1,6,Soil Inversion,Paspalum notatum,9
2024,June,1,1,1-1,6,Soil Inversion,Paspalum setaceum,0
2024,June,1,1,1-1,6,Soil Inversion,Richardia spp.,3
2024,June,1,1,1-1,7,Soil Inversion,Androppogon virginicus,0
2024,June,1,1,1-1,7,Soil Inversion,Bare Ground,0
2024,June,1,1,1-1,7,Soil Inversion,Bidens alba,1
2024,June,1,1,1-1,7,Soil Inversion,Cynodon dactylon,5
2024,June,1,1,1-1,7,Soil Inversion,Cyperus spp.,2
2024,June,1,1,1-1,7,Soil Inversion,Erigeron canadensis,0
2024,June,1,1,1-1,7,Soil Inversion,Indigofera hirsuta,0
2024,June,1,1,1-1,7,Soil Inversion,Lactuca canadensis,0
2024,June,1,1,1-1,7,Soil Inversion,Oenethra laciniata,5
2024,June,1,1,1-1,7,Soil Inversion,Oxalis corniculata,2
2024,June,1,1,1-1,7,Soil Inversion,Paspalum notatum,9
2024,June,1,1,1-1,7,Soil Inversion,Paspalum setaceum,0
2024,June,1,1,1-1,7,Soil Inversion,Richardia spp.,3
2024,June,1,1,1-1,8,Soil Inversion,Androppogon virginicus,0
2024,June,1,1,1-1,8,Soil Inversion,Bare Ground,0
2024,June,1,1,1-1,8,Soil Inversion,Bidens alba,0
2024,June,1,1,1-1,8,Soil Inversion,Cynodon dactylon,3
2024,June,1,1,1-1,8,Soil Inversion,Cyperus spp.,2
2024,June,1,1,1-1,8,Soil Inversion,Erigeron canadensis,0
2024,June,1,1,1-1,8,Soil Inversion,Eupatorium capilifolium,4
2024,June,1,1,1-1,8,Soil Inversion,Indigofera hirsuta,0
2024,June,1,1,1-1,8,Soil Inversion,Lactuca canadensis,0
2024,June,1,1,1-1,8,Soil Inversion,Oenethra laciniata,3
2024,June,1,1,1-1,8,Soil Inversion,Oxalis corniculata,2
2024,June,1,1,1-1,8,Soil Inversion,Paspalum notatum,9
2024,June,1,1,1-1,8,Soil Inversion,Paspalum setaceum,0
2024,June,1,1,1-1,8,Soil Inversion,Richardia spp.,2
2024,June,1,1,1-1,9,Soil Inversion,Androppogon virginicus,0
2024,June,1,1,1-1,9,Soil Inversion,Bare Ground,0
2024,June,1,1,1-1,9,Soil Inversion,Bidens alba,4
2024,June,1,1,1-1,9,Soil Inversion,Cynodon dactylon,4
2024,June,1,1,1-1,9,Soil Inversion,Cyperus spp.,2
2024,June,1,1,1-1,9,Soil Inversion,Erigeron canadensis,2
2024,June,1,1,1-1,9,Soil Inversion,Indigofera hirsuta,2
2024,June,1,1,1-1,9,Soil Inversion,Lactuca canadensis,0
2024,June,1,1,1-1,9,Soil Inversion,Oenethra laciniata,4
2024,June,1,1,1-1,9,Soil Inversion,Oxalis corniculata,0
2024,June,1,1,1-1,9,Soil Inversion,Paspalum notatum,9
2024,June,1,1,1-1,9,Soil Inversion,Paspalum setaceum,2
2024,June,1,1,1-1,9,Soil Inversion,Richardia spp.,4
2024,June,1,1,1-1,10,Soil Inversion,Androppogon virginicus,0
2024,June,1,1,1-1,10,Soil Inversion,Bare Ground,0
2024,June,1,1,1-1,10,Soil Inversion,Bidens alba,3
2024,June,1,1,1-1,10,Soil Inversion,Cynodon dactylon,4
2024,June,1,1,1-1,10,Soil Inversion,Cyperus spp.,2
2024,June,1,1,1-1,10,Soil Inversion,Erigeron canadensis,2
2024,June,1,1,1-1,10,Soil Inversion,Indigofera hirsuta,0
2024,June,1,1,1-1,10,Soil Inversion,Lactuca canadensis,1
2024,June,1,1,1-1,10,Soil Inversion,Oenethra laciniata,2
2024,June,1,1,1-1,10,Soil Inversion,Oxalis corniculata,0
2024,June,1,1,1-1,10,Soil Inversion,Paspalum notatum,9
2024,June,1,1,1-1,10,Soil Inversion,Paspalum setaceum,0
2024,June,1,1,1-1,10,Soil Inversion,Richardia spp.,4
,June,1,1,1-1,10,Soil Inversion,Stachys floridana,4
2024,June,1,2,1-2,1,Control,Androppogon virginicus,0
2024,June,1,2,1-2,1,Control,Bare Ground,0
2024,June,1,2,1-2,1,Control,Cynodon dactylon,4
2024,June,1,2,1-2,1,Control,Cyperus spp.,2
2024,June,1,2,1-2,1,Control,Erigeron canadensis,0
2024,June,1,2,1-2,1,Control,Indigofera hirsuta,0
2024,June,1,2,1-2,1,Control,Lactuca canadensis,2
2024,June,1,2,1-2,1,Control,Oenethra laciniata,3
2024,June,1,2,1-2,1,Control,Oxalis corniculata,0
2024,June,1,2,1-2,1,Control,Paspalum notatum,9
2024,June,1,2,1-2,1,Control,Paspalum setaceum,0
2024,June,1,2,1-2,1,Control,Richardia spp.,3
2024,June,1,2,1-2,2,Control,Androppogon virginicus,0
2024,June,1,2,1-2,2,Control,Bare Ground,0
2024,June,1,2,1-2,2,Control,Bidens alba,5
2024,June,1,2,1-2,2,Control,Cynodon dactylon,3
2024,June,1,2,1-2,2,Control,Cyperus spp.,2
2024,June,1,2,1-2,2,Control,Erigeron canadensis,0
2024,June,1,2,1-2,2,Control,Indigofera hirsuta,0
2024,June,1,2,1-2,2,Control,Lactuca canadensis,0
2024,June,1,2,1-2,2,Control,Oenethra laciniata,0
2024,June,1,2,1-2,2,Control,Oxalis corniculata,0
2024,June,1,2,1-2,2,Control,Paspalum notatum,9
2024,June,1,2,1-2,2,Control,Paspalum setaceum,0
2024,June,1,2,1-2,2,Control,Richardia spp.,4
2024,June,1,2,1-2,3,Control,Androppogon virginicus,0
2024,June,1,2,1-2,3,Control,Bare Ground,0
2024,June,1,2,1-2,3,Control,Bidens alba,4
2024,June,1,2,1-2,3,Control,Cynodon dactylon,5
2024,June,1,2,1-2,3,Control,Cyperus spp.,1
2024,June,1,2,1-2,3,Control,Erigeron canadensis,0
2024,June,1,2,1-2,3,Control,Indigofera hirsuta,0
2024,June,1,2,1-2,3,Control,Lactuca canadensis,0
2024,June,1,2,1-2,3,Control,Oenethra laciniata,3
2024,June,1,2,1-2,3,Control,Oxalis corniculata,2
2024,June,1,2,1-2,3,Control,Paspalum notatum,9
2024,June,1,2,1-2,3,Control,Paspalum setaceum,2
2024,June,1,2,1-2,3,Control,Richardia spp.,4
2024,June,1,2,1-2,4,Control,Androppogon virginicus,0
2024,June,1,2,1-2,4,Control,Bare Ground,2
2024,June,1,2,1-2,4,Control,Bidens alba,4
2024,June,1,2,1-2,4,Control,Cynodon dactylon,4
2024,June,1,2,1-2,4,Control,Cyperus spp.,2
2024,June,1,2,1-2,4,Control,Erigeron canadensis,0
2024,June,1,2,1-2,4,Control,Indigofera hirsuta,0
2024,June,1,2,1-2,4,Control,Lactuca canadensis,0
2024,June,1,2,1-2,4,Control,Oenethra laciniata,4
2024,June,1,2,1-2,4,Control,Oxalis corniculata,0
2024,June,1,2,1-2,4,Control,Paspalum notatum,9
2024,June,1,2,1-2,4,Control,Paspalum setaceum,0
2024,June,1,2,1-2,4,Control,Richardia spp.,4
2024,June,1,2,1-2,5,Control,Androppogon virginicus,0
2024,June,1,2,1-2,5,Control,Bare Ground,1
2024,June,1,2,1-2,5,Control,Cynodon dactylon,3
2024,June,1,2,1-2,5,Control,Cyperus spp.,2
2024,June,1,2,1-2,5,Control,Erigeron canadensis,0
2024,June,1,2,1-2,5,Control,Indigofera hirsuta,0
2024,June,1,2,1-2,5,Control,Lactuca canadensis,0
2024,June,1,2,1-2,5,Control,Oenethra laciniata,0
2024,June,1,2,1-2,5,Control,Oxalis corniculata,2
2024,June,1,2,1-2,5,Control,Paspalum notatum,9
2024,June,1,2,1-2,5,Control,Paspalum setaceum,0
2024,June,1,2,1-2,5,Control,Richardia spp.,2
2024,June,1,2,1-2,6,Control,Androppogon virginicus,0
2024,June,1,2,1-2,6,Control,Bare Ground,0
2024,June,1,2,1-2,6,Control,Cynodon dactylon,0
2024,June,1,2,1-2,6,Control,Cyperus spp.,0
2024,June,1,2,1-2,6,Control,Erigeron canadensis,2
2024,June,1,2,1-2,6,Control,Indigofera hirsuta,0
2024,June,1,2,1-2,6,Control,Lactuca canadensis,0
2024,June,1,2,1-2,6,Control,Oenethra laciniata,0
2024,June,1,2,1-2,6,Control,Oxalis corniculata,2
2024,June,1,2,1-2,6,Control,Paspalum notatum,9
2024,June,1,2,1-2,6,Control,Paspalum setaceum,0
2024,June,1,2,1-2,6,Control,Richardia spp.,1
2024,June,1,2,1-2,7,Control,Androppogon virginicus,0
2024,June,1,2,1-2,7,Control,Bare Ground,0
2024,June,1,2,1-2,7,Control,Cynodon dactylon,0
2024,June,1,2,1-2,7,Control,Cyperus spp.,0
2024,June,1,2,1-2,7,Control,Erigeron canadensis,0
2024,June,1,2,1-2,7,Control,Indigofera hirsuta,0
2024,June,1,2,1-2,7,Control,Lactuca canadensis,0
2024,June,1,2,1-2,7,Control,Oenethra laciniata,3
2024,June,1,2,1-2,7,Control,Oxalis corniculata,0
2024,June,1,2,1-2,7,Control,Paspalum notatum,9
2024,June,1,2,1-2,7,Control,Paspalum setaceum,0
2024,June,1,2,1-2,7,Control,Polypremum procumbers,3
2024,June,1,2,1-2,7,Control,Richardia spp.,4
2024,June,1,2,1-2,8,Control,Androppogon virginicus,0
2024,June,1,2,1-2,8,Control,Bare Ground,2
2024,June,1,2,1-2,8,Control,Cynodon dactylon,3
2024,June,1,2,1-2,8,Control,Cyperus spp.,0
2024,June,1,2,1-2,8,Control,Erigeron canadensis,0
2024,June,1,2,1-2,8,Control,Indigofera hirsuta,0
2024,June,1,2,1-2,8,Control,Lactuca canadensis,0
2024,June,1,2,1-2,8,Control,Oenethra laciniata,2
2024,June,1,2,1-2,8,Control,Oxalis corniculata,2
2024,June,1,2,1-2,8,Control,Paspalum notatum,9
2024,June,1,2,1-2,8,Control,Paspalum setaceum,0
2024,June,1,2,1-2,8,Control,Richardia spp.,2
2024,June,1,2,1-2,9,Control,Androppogon virginicus,0
2024,June,1,2,1-2,9,Control,Bare Ground,2
2024,June,1,2,1-2,9,Control,Cynodon dactylon,0
2024,June,1,2,1-2,9,Control,Cyperus spp.,0
2024,June,1,2,1-2,9,Control,Erigeron canadensis,0
2024,June,1,2,1-2,9,Control,Indigofera hirsuta,0
2024,June,1,2,1-2,9,Control,Lactuca canadensis,0
2024,June,1,2,1-2,9,Control,Oenethra laciniata,0
2024,June,1,2,1-2,9,Control,Oxalis corniculata,0
2024,June,1,2,1-2,9,Control,Paspalum notatum,9
2024,June,1,2,1-2,9,Control,Paspalum setaceum,0
2024,June,1,2,1-2,9,Control,Richardia spp.,0
2024,June,1,2,1-2,10,Control,Androppogon virginicus,0
2024,June,1,2,1-2,10,Control,Bare Ground,2
2024,June,1,2,1-2,10,Control,Cynodon dactylon,0
2024,June,1,2,1-2,10,Control,Cyperus spp.,0
2024,June,1,2,1-2,10,Control,Erigeron canadensis,0
2024,June,1,2,1-2,10,Control,Indigofera hirsuta,0
2024,June,1,2,1-2,10,Control,Lactuca canadensis,0
2024,June,1,2,1-2,10,Control,Oenethra laciniata,3
2024,June,1,2,1-2,10,Control,Oxalis corniculata,0
2024,June,1,2,1-2,10,Control,Paspalum notatum,9
2024,June,1,2,1-2,10,Control,Paspalum setaceum,0
2024,June,1,2,1-2,10,Control,Richardia spp.,5
2024,June,1,3,1-3,1,Soil Inversion,Androppogon virginicus,0
2024,June,1,3,1-3,1,Soil Inversion,Bare Ground,1
2024,June,1,3,1-3,1,Soil Inversion,Cynodon dactylon,2
2024,June,1,3,1-3,1,Soil Inversion,Cyperus spp.,2
2024,June,1,3,1-3,1,Soil Inversion,Erigeron canadensis,2
2024,June,1,3,1-3,1,Soil Inversion,Indigofera hirsuta,2
2024,June,1,3,1-3,1,Soil Inversion,Lactuca canadensis,1
2024,June,1,3,1-3,1,Soil Inversion,Oenethra laciniata,3
2024,June,1,3,1-3,1,Soil Inversion,Oxalis corniculata,3
2024,June,1,3,1-3,1,Soil Inversion,Paspalum notatum,9
2024,June,1,3,1-3,1,Soil Inversion,Paspalum setaceum,3
2024,June,1,3,1-3,1,Soil Inversion,Richardia spp.,2
2024,June,1,3,1-3,2,Soil Inversion,Androppogon virginicus,0
2024,June,1,3,1-3,2,Soil Inversion,Bare Ground,1
2024,June,1,3,1-3,2,Soil Inversion,Cynodon dactylon,3
2024,June,1,3,1-3,2,Soil Inversion,Cyperus spp.,3
2024,June,1,3,1-3,2,Soil Inversion,Erigeron canadensis,0
2024,June,1,3,1-3,2,Soil Inversion,Indigofera hirsuta,0
2024,June,1,3,1-3,2,Soil Inversion,Lactuca canadensis,0
2024,June,1,3,1-3,2,Soil Inversion,Oenethra laciniata,0
2024,June,1,3,1-3,2,Soil Inversion,Oxalis corniculata,3
2024,June,1,3,1-3,2,Soil Inversion,Paspalum notatum,9
2024,June,1,3,1-3,2,Soil Inversion,Paspalum setaceum,0
2024,June,1,3,1-3,2,Soil Inversion,Richardia spp.,3
2024,June,1,3,1-3,3,Soil Inversion,Androppogon virginicus,0
2024,June,1,3,1-3,3,Soil Inversion,Bare Ground,1
2024,June,1,3,1-3,3,Soil Inversion,Cynodon dactylon,3
2024,June,1,3,1-3,3,Soil Inversion,Cyperus spp.,3
2024,June,1,3,1-3,3,Soil Inversion,Erigeron canadensis,2
2024,June,1,3,1-3,3,Soil Inversion,Indigofera hirsuta,0
2024,June,1,3,1-3,3,Soil Inversion,Lactuca canadensis,0
2024,June,1,3,1-3,3,Soil Inversion,Oenethra laciniata,4
2024,June,1,3,1-3,3,Soil Inversion,Oxalis corniculata,3
2024,June,1,3,1-3,3,Soil Inversion,Paspalum notatum,9
2024,June,1,3,1-3,3,Soil Inversion,Paspalum setaceum,3
2024,June,1,3,1-3,3,Soil Inversion,Richardia spp.,0
2024,June,1,3,1-3,4,Soil Inversion,Androppogon virginicus,0
2024,June,1,3,1-3,4,Soil Inversion,Bare Ground,1
2024,June,1,3,1-3,4,Soil Inversion,Cynodon dactylon,4
2024,June,1,3,1-3,4,Soil Inversion,Cyperus spp.,2
2024,June,1,3,1-3,4,Soil Inversion,Erigeron canadensis,0
2024,June,1,3,1-3,4,Soil Inversion,Indigofera hirsuta,2
2024,June,1,3,1-3,4,Soil Inversion,Lactuca canadensis,0
2024,June,1,3,1-3,4,Soil Inversion,Oenethra laciniata,0
2024,June,1,3,1-3,4,Soil Inversion,Oxalis corniculata,0
2024,June,1,3,1-3,4,Soil Inversion,Paspalum notatum,9
2024,June,1,3,1-3,4,Soil Inversion,Paspalum setaceum,0
2024,June,1,3,1-3,4,Soil Inversion,Richardia spp.,3
2024,June,1,3,1-3,5,Soil Inversion,Androppogon virginicus,0
2024,June,1,3,1-3,5,Soil Inversion,Bare Ground,3
2024,June,1,3,1-3,5,Soil Inversion,Cynodon dactylon,4
2024,June,1,3,1-3,5,Soil Inversion,Cyperus spp.,0
2024,June,1,3,1-3,5,Soil Inversion,Erigeron canadensis,0
2024,June,1,3,1-3,5,Soil Inversion,Indigofera hirsuta,0
2024,June,1,3,1-3,5,Soil Inversion,Lactuca canadensis,0
2024,June,1,3,1-3,5,Soil Inversion,Oenethra laciniata,0
2024,June,1,3,1-3,5,Soil Inversion,Oxalis corniculata,0
2024,June,1,3,1-3,5,Soil Inversion,Paspalum notatum,9
2024,June,1,3,1-3,5,Soil Inversion,Paspalum setaceum,0
2024,June,1,3,1-3,5,Soil Inversion,Richardia spp.,4
2024,June,1,3,1-3,5,Soil Inversion,Taraxacum spp.,4
2024,June,1,3,1-3,6,Soil Inversion,Androppogon virginicus,0
2024,June,1,3,1-3,6,Soil Inversion,Bare Ground,2
2024,June,1,3,1-3,6,Soil Inversion,Cynodon dactylon,4
2024,June,1,3,1-3,6,Soil Inversion,Cyperus spp.,0
2024,June,1,3,1-3,6,Soil Inversion,Erigeron canadensis,0
2024,June,1,3,1-3,6,Soil Inversion,Indigofera hirsuta,0
2024,June,1,3,1-3,6,Soil Inversion,Lactuca canadensis,0
2024,June,1,3,1-3,6,Soil Inversion,Oenethra laciniata,4
2024,June,1,3,1-3,6,Soil Inversion,Oxalis corniculata,0
2024,June,1,3,1-3,6,Soil Inversion,Paspalum notatum,9
2024,June,1,3,1-3,6,Soil Inversion,Paspalum setaceum,0
2024,June,1,3,1-3,6,Soil Inversion,Richardia spp.,5
2024,June,1,3,1-3,7,Soil Inversion,Androppogon virginicus,0
2024,June,1,3,1-3,7,Soil Inversion,Bare Ground,1
2024,June,1,3,1-3,7,Soil Inversion,Cynodon dactylon,3
2024,June,1,3,1-3,7,Soil Inversion,Cyperus spp.,2
2024,June,1,3,1-3,7,Soil Inversion,Erigeron canadensis,0
2024,June,1,3,1-3,7,Soil Inversion,Indigofera hirsuta,0
2024,June,1,3,1-3,7,Soil Inversion,Lactuca canadensis,0
2024,June,1,3,1-3,7,Soil Inversion,Oenethra laciniata,0
2024,June,1,3,1-3,7,Soil Inversion,Oxalis corniculata,2
2024,June,1,3,1-3,7,Soil Inversion,Paspalum notatum,9
2024,June,1,3,1-3,7,Soil Inversion,Paspalum setaceum,0
2024,June,1,3,1-3,7,Soil Inversion,Pluchea baccharis,4
2024,June,1,3,1-3,7,Soil Inversion,Richardia spp.,2
2024,June,1,3,1-3,8,Soil Inversion,Androppogon virginicus,0
2024,June,1,3,1-3,8,Soil Inversion,Bare Ground,0
2024,June,1,3,1-3,8,Soil Inversion,Cynodon dactylon,4
2024,June,1,3,1-3,8,Soil Inversion,Cyperus spp.,2
2024,June,1,3,1-3,8,Soil Inversion,Erigeron canadensis,2
2024,June,1,3,1-3,8,Soil Inversion,Indigofera hirsuta,2
2024,June,1,3,1-3,8,Soil Inversion,Lactuca canadensis,0
2024,June,1,3,1-3,8,Soil Inversion,Oenethra laciniata,0
2024,June,1,3,1-3,8,Soil Inversion,Oxalis corniculata,4
2024,June,1,3,1-3,8,Soil Inversion,Paspalum notatum,9
2024,June,1,3,1-3,8,Soil Inversion,Paspalum setaceum,0
2024,June,1,3,1-3,8,Soil Inversion,Richardia spp.,4
2024,June,1,3,1-3,9,Soil Inversion,Androppogon virginicus,0
2024,June,1,3,1-3,9,Soil Inversion,Bare Ground,1
2024,June,1,3,1-3,9,Soil Inversion,Cynodon dactylon,3
2024,June,1,3,1-3,9,Soil Inversion,Cyperus spp.,0
2024,June,1,3,1-3,9,Soil Inversion,Erigeron canadensis,0
2024,June,1,3,1-3,9,Soil Inversion,Indigofera hirsuta,0
2024,June,1,3,1-3,9,Soil Inversion,Lactuca canadensis,0
2024,June,1,3,1-3,9,Soil Inversion,Oenethra laciniata,0
2024,June,1,3,1-3,9,Soil Inversion,Oxalis corniculata,4
2024,June,1,3,1-3,9,Soil Inversion,Paspalum notatum,9
2024,June,1,3,1-3,9,Soil Inversion,Paspalum setaceum,0
2024,June,1,3,1-3,9,Soil Inversion,Richardia spp.,3
2024,June,1,3,1-3,10,Soil Inversion,Androppogon virginicus,0
2024,June,1,3,1-3,10,Soil Inversion,Bare Ground,2
2024,June,1,3,1-3,10,Soil Inversion,Cynodon dactylon,4
2024,June,1,3,1-3,10,Soil Inversion,Cyperus spp.,2
2024,June,1,3,1-3,10,Soil Inversion,Erigeron canadensis,2
2024,June,1,3,1-3,10,Soil Inversion,Indigofera hirsuta,2
2024,June,1,3,1-3,10,Soil Inversion,Lactuca canadensis,0
2024,June,1,3,1-3,10,Soil Inversion,Oenethra laciniata,2
2024,June,1,3,1-3,10,Soil Inversion,Oxalis corniculata,4
2024,June,1,3,1-3,10,Soil Inversion,Paspalum notatum,9
2024,June,1,3,1-3,10,Soil Inversion,Paspalum setaceum,0
2024,June,1,3,1-3,10,Soil Inversion,Richardia spp.,3
2024,June,1,4,1-4,1,Control,Androppogon virginicus,0
2024,June,1,4,1-4,1,Control,Bare Ground,0
2024,June,1,4,1-4,1,Control,Cynodon dactylon,0
2024,June,1,4,1-4,1,Control,Cyperus spp.,2
2024,June,1,4,1-4,1,Control,Erigeron canadensis,2
2024,June,1,4,1-4,1,Control,Indigofera hirsuta,5
2024,June,1,4,1-4,1,Control,Lactuca canadensis,0
2024,June,1,4,1-4,1,Control,Oenethra laciniata,0
2024,June,1,4,1-4,1,Control,Oxalis corniculata,0
2024,June,1,4,1-4,1,Control,Paspalum notatum,9
2024,June,1,4,1-4,1,Control,Paspalum setaceum,0
2024,June,1,4,1-4,1,Control,Richardia spp.,2
2024,June,1,4,1-4,2,Control,Androppogon virginicus,0
2024,June,1,4,1-4,2,Control,Bare Ground,0
2024,June,1,4,1-4,2,Control,Bidens alba,0
2024,June,1,4,1-4,2,Control,Cynodon dactylon,4
2024,June,1,4,1-4,2,Control,Cyperus spp.,0
2024,June,1,4,1-4,2,Control,Erigeron canadensis,5
2024,June,1,4,1-4,2,Control,Indigofera hirsuta,4
2024,June,1,4,1-4,2,Control,Lactuca canadensis,0
2024,June,1,4,1-4,2,Control,Oenethra laciniata,0
2024,June,1,4,1-4,2,Control,Oxalis corniculata,5
2024,June,1,4,1-4,2,Control,Paspalum notatum,9
2024,June,1,4,1-4,2,Control,Paspalum setaceum,0
2024,June,1,4,1-4,2,Control,Richardia spp.,0
2024,June,1,4,1-4,3,Control,Androppogon virginicus,0
2024,June,1,4,1-4,3,Control,Bare Ground,2
2024,June,1,4,1-4,3,Control,Bidens alba,0
2024,June,1,4,1-4,3,Control,Cynodon dactylon,4
2024,June,1,4,1-4,3,Control,Cyperus spp.,2
2024,June,1,4,1-4,3,Control,Erigeron canadensis,4
2024,June,1,4,1-4,3,Control,Indigofera hirsuta,0
2024,June,1,4,1-4,3,Control,Lactuca canadensis,0
2024,June,1,4,1-4,3,Control,Oenethra laciniata,0
2024,June,1,4,1-4,3,Control,Oxalis corniculata,3
,June,1,4,1-4,3,Control,Paspalum notatum,9
2024,June,1,4,1-4,3,Control,Paspalum setaceum,0
2024,June,1,4,1-4,3,Control,Richardia spp.,3
2024,June,1,4,1-4,4,Control,Androppogon virginicus,0
2024,June,1,4,1-4,4,Control,Bare Ground,0
2024,June,1,4,1-4,4,Control,Cynodon dactylon,3
2024,June,1,4,1-4,4,Control,Cyperus spp.,2
2024,June,1,4,1-4,4,Control,Erigeron canadensis,4
2024,June,1,4,1-4,4,Control,Indigofera hirsuta,0
2024,June,1,4,1-4,4,Control,Lactuca canadensis,0
2024,June,1,4,1-4,4,Control,Oenethra laciniata,2
2024,June,1,4,1-4,4,Control,Oxalis corniculata,2
2024,June,1,4,1-4,4,Control,Paspalum notatum,9
2024,June,1,4,1-4,4,Control,Paspalum setaceum,0
2024,June,1,4,1-4,4,Control,Richardia spp.,2
2024,June,1,4,1-4,5,Control,Androppogon virginicus,2
2024,June,1,4,1-4,5,Control,Cynodon dactylon,2
2024,June,1,4,1-4,5,Control,Cyperus spp.,2
2024,June,1,4,1-4,5,Control,Erigeron canadensis,2
2024,June,1,4,1-4,5,Control,Indigofera hirsuta,2
2024,June,1,4,1-4,5,Control,Lactuca canadensis,0
2024,June,1,4,1-4,5,Control,Oenethra laciniata,0
2024,June,1,4,1-4,5,Control,Oxalis corniculata,2
2024,June,1,4,1-4,5,Control,Paspalum notatum,9
2024,June,1,4,1-4,5,Control,Paspalum setaceum,0
2024,June,1,4,1-4,5,Control,Richardia spp.,3
2024,June,1,4,1-4,6,Control,Androppogon virginicus,0
2024,June,1,4,1-4,6,Control,Bare Ground,2
2024,June,1,4,1-4,6,Control,Bare Ground,2
2024,June,1,4,1-4,6,Control,Cynodon dactylon,1
2024,June,1,4,1-4,6,Control,Cyperus spp.,0
2024,June,1,4,1-4,6,Control,Erigeron canadensis,4
2024,June,1,4,1-4,6,Control,Indigofera hirsuta,0
2024,June,1,4,1-4,6,Control,Lactuca canadensis,0
2024,June,1,4,1-4,6,Control,Oenethra laciniata,4
2024,June,1,4,1-4,6,Control,Oxalis corniculata,3
,June,1,4,1-4,6,Control,Paspalum notatum,9
2024,June,1,4,1-4,6,Control,Paspalum setaceum,3
2024,June,1,4,1-4,6,Control,Richardia spp.,3
2024,June,1,4,1-4,7,Control,Androppogon virginicus,0
2024,June,1,4,1-4,7,Control,Bare Ground,2
2024,June,1,4,1-4,7,Control,Cynodon dactylon,4
2024,June,1,4,1-4,7,Control,Cyperus spp.,2
2024,June,1,4,1-4,7,Control,Erigeron canadensis,5
2024,June,1,4,1-4,7,Control,Indigofera hirsuta,0
2024,June,1,4,1-4,7,Control,Lactuca canadensis,0
2024,June,1,4,1-4,7,Control,Oenethra laciniata,2
2024,June,1,4,1-4,7,Control,Oxalis corniculata,0
2024,June,1,4,1-4,7,Control,Paspalum notatum,9
2024,June,1,4,1-4,7,Control,Paspalum setaceum,0
2024,June,1,4,1-4,7,Control,Richardia spp.,4
2024,June,1,4,1-4,8,Control,Androppogon virginicus,0
2024,June,1,4,1-4,8,Control,Bare Ground,0
2024,June,1,4,1-4,8,Control,Cynodon dactylon,5
2024,June,1,4,1-4,8,Control,Cyperus spp.,2
2024,June,1,4,1-4,8,Control,Erigeron canadensis,5
2024,June,1,4,1-4,8,Control,Indigofera hirsuta,0
2024,June,1,4,1-4,8,Control,Lactuca canadensis,0
2024,June,1,4,1-4,8,Control,Oenethra laciniata,4
2024,June,1,4,1-4,8,Control,Oxalis corniculata,0
2024,June,1,4,1-4,8,Control,Paspalum notatum,9
2024,June,1,4,1-4,8,Control,Paspalum setaceum,0
2024,June,1,4,1-4,8,Control,Richardia spp.,3
2024,June,1,4,1-4,9,Control,Androppogon virginicus,0
2024,June,1,4,1-4,9,Control,Bare Ground,0
2024,June,1,4,1-4,9,Control,Bidens alba,3
2024,June,1,4,1-4,9,Control,Cynodon dactylon,0
2024,June,1,4,1-4,9,Control,Cyperus spp.,2
2024,June,1,4,1-4,9,Control,Erigeron canadensis,5
2024,June,1,4,1-4,9,Control,Indigofera hirsuta,2
2024,June,1,4,1-4,9,Control,Lactuca canadensis,0
2024,June,1,4,1-4,9,Control,Oenethra laciniata,4
2024,June,1,4,1-4,9,Control,Oxalis corniculata,2
2024,June,1,4,1-4,9,Control,Paspalum notatum,9
2024,June,1,4,1-4,9,Control,Paspalum setaceum,0
2024,June,1,4,1-4,9,Control,Richardia spp.,2
2024,June,1,4,1-4,10,Control,Androppogon virginicus,0
2024,June,1,4,1-4,10,Control,Bare Ground,2
2024,June,1,4,1-4,10,Control,Cynodon dactylon,0
2024,June,1,4,1-4,10,Control,Cyperus spp.,3
2024,June,1,4,1-4,10,Control,Erigeron canadensis,0
2024,June,1,4,1-4,10,Control,Indigofera hirsuta,0
2024,June,1,4,1-4,10,Control,Lactuca canadensis,0
2024,June,1,4,1-4,10,Control,Oenethra laciniata,4
2024,June,1,4,1-4,10,Control,Oxalis corniculata,3
2024,June,1,4,1-4,10,Control,Paspalum notatum,9
2024,June,1,4,1-4,10,Control,Paspalum setaceum,0
2024,June,1,4,1-4,10,Control,Richardia spp.,2
2024,June,1,5,1-5,1,Preemergent,Androppogon virginicus,0
2024,June,1,5,1-5,1,Preemergent,Bare Ground,2
2024,June,1,5,1-5,1,Preemergent,Cynodon dactylon,3
2024,June,1,5,1-5,1,Preemergent,Cyperus spp.,2
2024,June,1,5,1-5,1,Preemergent,Erigeron canadensis,4
2024,June,1,5,1-5,1,Preemergent,Indigofera hirsuta,0
2024,June,1,5,1-5,1,Preemergent,Lactuca canadensis,0
2024,June,1,5,1-5,1,Preemergent,Oenethra laciniata,2
2024,June,1,5,1-5,1,Preemergent,Oxalis corniculata,2
2024,June,1,5,1-5,1,Preemergent,Paspalum notatum,9
2024,June,1,5,1-5,1,Preemergent,Paspalum setaceum,0
2024,June,1,5,1-5,1,Preemergent,Polypremum procumbers,1
2024,June,1,5,1-5,1,Preemergent,Richardia spp.,2
2024,June,1,5,1-5,2,Preemergent,Androppogon virginicus,0
2024,June,1,5,1-5,2,Preemergent,Bare Ground,0
2024,June,1,5,1-5,2,Preemergent,Bidens alba,4
2024,June,1,5,1-5,2,Preemergent,Cynodon dactylon,3
2024,June,1,5,1-5,2,Preemergent,Cyperus spp.,2
2024,June,1,5,1-5,2,Preemergent,Erigeron canadensis,2
2024,June,1,5,1-5,2,Preemergent,Indigofera hirsuta,0
2024,June,1,5,1-5,2,Preemergent,Lactuca canadensis,0
2024,June,1,5,1-5,2,Preemergent,Oenethra laciniata,2
2024,June,1,5,1-5,2,Preemergent,Oxalis corniculata,2
2024,June,1,5,1-5,2,Preemergent,Paspalum notatum,9
2024,June,1,5,1-5,2,Preemergent,Paspalum setaceum,0
2024,June,1,5,1-5,2,Preemergent,Polypremum procumbers,4
2024,June,1,5,1-5,2,Preemergent,Richardia spp.,0
2024,June,1,5,1-5,3,Preemergent,Androppogon virginicus,0
2024,June,1,5,1-5,3,Preemergent,Bare Ground,0
2024,June,1,5,1-5,3,Preemergent,Cynodon dactylon,3
2024,June,1,5,1-5,3,Preemergent,Cyperus spp.,2
2024,June,1,5,1-5,3,Preemergent,Erigeron canadensis,0
2024,June,1,5,1-5,3,Preemergent,Indigofera hirsuta,0
2024,June,1,5,1-5,3,Preemergent,Lactuca canadensis,0
2024,June,1,5,1-5,3,Preemergent,Oenethra laciniata,4
2024,June,1,5,1-5,3,Preemergent,Oxalis corniculata,2
2024,June,1,5,1-5,3,Preemergent,Paspalum notatum,9
2024,June,1,5,1-5,3,Preemergent,Paspalum setaceum,0
2024,June,1,5,1-5,3,Preemergent,Richardia spp.,2
2024,June,1,5,1-5,4,Preemergent,Androppogon virginicus,4
2024,June,1,5,1-5,4,Preemergent,Bare Ground,2
2024,June,1,5,1-5,4,Preemergent,Cynodon dactylon,4
2024,June,1,5,1-5,4,Preemergent,Cyperus spp.,2
2024,June,1,5,1-5,4,Preemergent,Erigeron canadensis,2
2024,June,1,5,1-5,4,Preemergent,Indigofera hirsuta,0
2024,June,1,5,1-5,4,Preemergent,Lactuca canadensis,0
2024,June,1,5,1-5,4,Preemergent,Oenethra laciniata,2
2024,June,1,5,1-5,4,Preemergent,Oxalis corniculata,2
2024,June,1,5,1-5,4,Preemergent,Paspalum notatum,9
2024,June,1,5,1-5,4,Preemergent,Paspalum setaceum,1
2024,June,1,5,1-5,4,Preemergent,Polypremum procumbers,4
2024,June,1,5,1-5,4,Preemergent,Richardia spp.,0
2024,June,1,5,1-5,5,Preemergent,Androppogon virginicus,2
2024,June,1,5,1-5,5,Preemergent,Bare Ground,2
2024,June,1,5,1-5,5,Preemergent,Cynodon dactylon,2
2024,June,1,5,1-5,5,Preemergent,Cyperus spp.,0
2024,June,1,5,1-5,5,Preemergent,Erigeron canadensis,3
2024,June,1,5,1-5,5,Preemergent,Indigofera hirsuta,3
2024,June,1,5,1-5,5,Preemergent,Lactuca canadensis,0
2024,June,1,5,1-5,5,Preemergent,Oenethra laciniata,0
2024,June,1,5,1-5,5,Preemergent,Oxalis corniculata,2
2024,June,1,5,1-5,5,Preemergent,Paspalum notatum,9
2024,June,1,5,1-5,5,Preemergent,Paspalum setaceum,2
2024,June,1,5,1-5,5,Preemergent,Polypremum procumbers,0
2024,June,1,5,1-5,5,Preemergent,Richardia spp.,2
2024,June,1,5,1-5,6,Preemergent,Androppogon virginicus,0
2024,June,1,5,1-5,6,Preemergent,Bare Ground,1
2024,June,1,5,1-5,6,Preemergent,Cynodon dactylon,2
2024,June,1,5,1-5,6,Preemergent,Cyperus spp.,2
2024,June,1,5,1-5,6,Preemergent,Erigeron canadensis,0
2024,June,1,5,1-5,6,Preemergent,Indigofera hirsuta,2
2024,June,1,5,1-5,6,Preemergent,Lactuca canadensis,0
2024,June,1,5,1-5,6,Preemergent,Oenethra laciniata,5
2024,June,1,5,1-5,6,Preemergent,Oxalis corniculata,3
2024,June,1,5,1-5,6,Preemergent,Paspalum notatum,9
2024,June,1,5,1-5,6,Preemergent,Paspalum setaceum,3
2024,June,1,5,1-5,6,Preemergent,Polypremum procumbers,4
2024,June,1,5,1-5,6,Preemergent,Richardia spp.,4
2024,June,1,5,1-5,7,Preemergent,Androppogon virginicus,0
2024,June,1,5,1-5,7,Preemergent,Bare Ground,0
2024,June,1,5,1-5,7,Preemergent,Cynodon dactylon,2
2024,June,1,5,1-5,7,Preemergent,Cyperus spp.,2
2024,June,1,5,1-5,7,Preemergent,Erigeron canadensis,5
2024,June,1,5,1-5,7,Preemergent,Indigofera hirsuta,2
2024,June,1,5,1-5,7,Preemergent,Lactuca canadensis,0
2024,June,1,5,1-5,7,Preemergent,Oenethra laciniata,0
2024,June,1,5,1-5,7,Preemergent,Oxalis corniculata,0
2024,June,1,5,1-5,7,Preemergent,Paspalum notatum,9
2024,June,1,5,1-5,7,Preemergent,Paspalum setaceum,2
2024,June,1,5,1-5,7,Preemergent,Richardia spp.,3
2024,June,1,5,1-5,8,Preemergent,Androppogon virginicus,0
2024,June,1,5,1-5,8,Preemergent,Bare Ground,1
2024,June,1,5,1-5,8,Preemergent,Cynodon dactylon,2
2024,June,1,5,1-5,8,Preemergent,Cyperus spp.,2
2024,June,1,5,1-5,8,Preemergent,Erigeron canadensis,4
2024,June,1,5,1-5,8,Preemergent,Indigofera hirsuta,1
2024,June,1,5,1-5,8,Preemergent,Lactuca canadensis,0
2024,June,1,5,1-5,8,Preemergent,Oenethra laciniata,0
2024,June,1,5,1-5,8,Preemergent,Oxalis corniculata,2
2024,June,1,5,1-5,8,Preemergent,Paspalum notatum,9
2024,June,1,5,1-5,8,Preemergent,Paspalum setaceum,0
2024,June,1,5,1-5,8,Preemergent,Richardia spp.,4
2024,June,1,5,1-5,9,Preemergent,Androppogon virginicus,0
2024,June,1,5,1-5,9,Preemergent,Bare Ground,1
2024,June,1,5,1-5,9,Preemergent,Cynodon dactylon,0
2024,June,1,5,1-5,9,Preemergent,Cyperus spp.,0
2024,June,1,5,1-5,9,Preemergent,Erigeron canadensis,4
2024,June,1,5,1-5,9,Preemergent,Indigofera hirsuta,0
2024,June,1,5,1-5,9,Preemergent,Lactuca canadensis,0
2024,June,1,5,1-5,9,Preemergent,Oenethra laciniata,0
2024,June,1,5,1-5,9,Preemergent,Oxalis corniculata,0
2024,June,1,5,1-5,9,Preemergent,Paspalum notatum,9
2024,June,1,5,1-5,9,Preemergent,Paspalum setaceum,0
2024,June,1,5,1-5,9,Preemergent,Richardia spp.,0
2024,June,1,5,1-5,10,Preemergent,Androppogon virginicus,0
2024,June,1,5,1-5,10,Preemergent,Bare Ground,2
2024,June,1,5,1-5,10,Preemergent,Cynodon dactylon,3
2024,June,1,5,1-5,10,Preemergent,Cyperus spp.,2
2024,June,1,5,1-5,10,Preemergent,Erigeron canadensis,4
2024,June,1,5,1-5,10,Preemergent,Indigofera hirsuta,0
2024,June,1,5,1-5,10,Preemergent,Lactuca canadensis,0
2024,June,1,5,1-5,10,Preemergent,Oenethra laciniata,4
2024,June,1,5,1-5,10,Preemergent,Oxalis corniculata,2
2024,June,1,5,1-5,10,Preemergent,Paspalum notatum,9
2024,June,1,5,1-5,10,Preemergent,Paspalum setaceum,0
2024,June,1,5,1-5,10,Preemergent,Richardia spp.,4
2024,June,1,6,1-6,1,Fill,Androppogon virginicus,0
2024,June,1,6,1-6,1,Fill,Bare Ground,2
2024,June,1,6,1-6,1,Fill,Cynodon dactylon,0
2024,June,1,6,1-6,1,Fill,Cyperus spp.,0
2024,June,1,6,1-6,1,Fill,Erigeron canadensis,5
2024,June,1,6,1-6,1,Fill,Indigofera hirsuta,0
2024,June,1,6,1-6,1,Fill,Lactuca canadensis,0
2024,June,1,6,1-6,1,Fill,Oenethra laciniata,4
2024,June,1,6,1-6,1,Fill,Oxalis corniculata,0
2024,June,1,6,1-6,1,Fill,Paspalum notatum,9
2024,June,1,6,1-6,1,Fill,Paspalum setaceum,0
2024,June,1,6,1-6,1,Fill,Richardia spp.,5
2024,June,1,6,1-6,2,Fill,Androppogon virginicus,0
2024,June,1,6,1-6,2,Fill,Bare Ground,2
2024,June,1,6,1-6,2,Fill,Cynodon dactylon,2
2024,June,1,6,1-6,2,Fill,Cyperus spp.,2
2024,June,1,6,1-6,2,Fill,Erigeron canadensis,0
2024,June,1,6,1-6,2,Fill,Indigofera hirsuta,0
2024,June,1,6,1-6,2,Fill,Lactuca canadensis,0
2024,June,1,6,1-6,2,Fill,Oenethra laciniata,0
2024,June,1,6,1-6,2,Fill,Oxalis corniculata,0
2024,June,1,6,1-6,2,Fill,Paspalum notatum,9
2024,June,1,6,1-6,2,Fill,Paspalum setaceum,2
2024,June,1,6,1-6,2,Fill,Richardia spp.,0
2024,June,1,6,1-6,2,Fill,Solidago spp.,4
2024,June,1,6,1-6,3,Fill,Androppogon virginicus,3
2024,June,1,6,1-6,3,Fill,Bare Ground,1
2024,June,1,6,1-6,3,Fill,Cynodon dactylon,4
2024,June,1,6,1-6,3,Fill,Cyperus spp.,2
2024,June,1,6,1-6,3,Fill,Erigeron canadensis,0
2024,June,1,6,1-6,3,Fill,Indigofera hirsuta,3
2024,June,1,6,1-6,3,Fill,Lactuca canadensis,0
2024,June,1,6,1-6,3,Fill,Oenethra laciniata,0
2024,June,1,6,1-6,3,Fill,Oxalis corniculata,0
2024,June,1,6,1-6,3,Fill,Paspalum notatum,9
2024,June,1,6,1-6,3,Fill,Paspalum setaceum,0
2024,June,1,6,1-6,3,Fill,Richardia spp.,0
2024,June,1,6,1-6,4,Fill,Androppogon virginicus,0
2024,June,1,6,1-6,4,Fill,Bare Ground,2
2024,June,1,6,1-6,4,Fill,Cynodon dactylon,3
2024,June,1,6,1-6,4,Fill,Cyperus spp.,2
2024,June,1,6,1-6,4,Fill,Erigeron canadensis,5
2024,June,1,6,1-6,4,Fill,Indigofera hirsuta,0
2024,June,1,6,1-6,4,Fill,Lactuca canadensis,0
2024,June,1,6,1-6,4,Fill,Oenethra laciniata,0
2024,June,1,6,1-6,4,Fill,Oxalis corniculata,0
2024,June,1,6,1-6,4,Fill,Paspalum notatum,9
2024,June,1,6,1-6,4,Fill,Paspalum setaceum,0
2024,June,1,6,1-6,4,Fill,Richardia spp.,0
2024,June,1,6,1-6,5,Fill,Androppogon virginicus,0
2024,June,1,6,1-6,5,Fill,Bare Ground,2
2024,June,1,6,1-6,5,Fill,Cynodon dactylon,3
2024,June,1,6,1-6,5,Fill,Cyperus spp.,2
2024,June,1,6,1-6,5,Fill,Erigeron canadensis,3
2024,June,1,6,1-6,5,Fill,Indigofera hirsuta,0
2024,June,1,6,1-6,5,Fill,Lactuca canadensis,0
2024,June,1,6,1-6,5,Fill,Oenethra laciniata,0
2024,June,1,6,1-6,5,Fill,Oxalis corniculata,0
2024,June,1,6,1-6,5,Fill,Paspalum notatum,9
2024,June,1,6,1-6,5,Fill,Paspalum setaceum,2
2024,June,1,6,1-6,5,Fill,Richardia spp.,4
2024,June,1,6,1-6,6,Fill,Androppogon virginicus,0
2024,June,1,6,1-6,6,Fill,Bare Ground,2
2024,June,1,6,1-6,6,Fill,Cynodon dactylon,0
2024,June,1,6,1-6,6,Fill,Cyperus spp.,0
2024,June,1,6,1-6,6,Fill,Erigeron canadensis,0
2024,June,1,6,1-6,6,Fill,Indigofera hirsuta,0
2024,June,1,6,1-6,6,Fill,Lactuca canadensis,0
2024,June,1,6,1-6,6,Fill,Oenethra laciniata,0
2024,June,1,6,1-6,6,Fill,Oxalis corniculata,0
2024,June,1,6,1-6,6,Fill,Paspalum notatum,10
2024,June,1,6,1-6,6,Fill,Paspalum setaceum,0
2024,June,1,6,1-6,6,Fill,Richardia spp.,0
2024,June,1,6,1-6,7,Fill,Androppogon virginicus,0
2024,June,1,6,1-6,7,Fill,Bare Ground,2
2024,June,1,6,1-6,7,Fill,Cynodon dactylon,2
2024,June,1,6,1-6,7,Fill,Cyperus spp.,0
2024,June,1,6,1-6,7,Fill,Erigeron canadensis,5
2024,June,1,6,1-6,7,Fill,Indigofera hirsuta,2
2024,June,1,6,1-6,7,Fill,Lactuca canadensis,0
2024,June,1,6,1-6,7,Fill,Oenethra laciniata,4
2024,June,1,6,1-6,7,Fill,Oxalis corniculata,0
2024,June,1,6,1-6,7,Fill,Paspalum notatum,9
2024,June,1,6,1-6,7,Fill,Paspalum setaceum,0
2024,June,1,6,1-6,7,Fill,Richardia spp.,3
2024,June,1,6,1-6,8,Fill,Androppogon virginicus,0
2024,June,1,6,1-6,8,Fill,Bare Ground,2
2024,June,1,6,1-6,8,Fill,Cynodon dactylon,0
2024,June,1,6,1-6,8,Fill,Cyperus spp.,0
2024,June,1,6,1-6,8,Fill,Erigeron canadensis,4
2024,June,1,6,1-6,8,Fill,Indigofera hirsuta,0
2024,June,1,6,1-6,8,Fill,Lactuca canadensis,0
2024,June,1,6,1-6,8,Fill,Oenethra laciniata,0
2024,June,1,6,1-6,8,Fill,Oxalis corniculata,0
2024,June,1,6,1-6,8,Fill,Paspalum notatum,9
2024,June,1,6,1-6,8,Fill,Paspalum setaceum,0
2024,June,1,6,1-6,8,Fill,Richardia spp.,0
2024,June,1,6,1-6,9,Fill,Androppogon virginicus,0
2024,June,1,6,1-6,9,Fill,Bare Ground,2
2024,June,1,6,1-6,9,Fill,Cynodon dactylon,4
2024,June,1,6,1-6,9,Fill,Cyperus spp.,3
2024,June,1,6,1-6,9,Fill,Erigeron canadensis,0
2024,June,1,6,1-6,9,Fill,Indigofera hirsuta,3
2024,June,1,6,1-6,9,Fill,Lactuca canadensis,0
2024,June,1,6,1-6,9,Fill,Oenethra laciniata,2
2024,June,1,6,1-6,9,Fill,Oxalis corniculata,0
2024,June,1,6,1-6,9,Fill,Paspalum notatum,9
2024,June,1,6,1-6,9,Fill,Paspalum setaceum,0
2024,June,1,6,1-6,9,Fill,Richardia spp.,3
2024,June,1,6,1-6,10,Fill,Androppogon virginicus,0
2024,June,1,6,1-6,10,Fill,Bare Ground,1
2024,June,1,6,1-6,10,Fill,Cynodon dactylon,3
2024,June,1,6,1-6,10,Fill,Cyperus spp.,2
2024,June,1,6,1-6,10,Fill,Erigeron canadensis,3
2024,June,1,6,1-6,10,Fill,Indigofera hirsuta,0
2024,June,1,6,1-6,10,Fill,Lactuca canadensis,2
2024,June,1,6,1-6,10,Fill,Oenethra laciniata,2
2024,June,1,6,1-6,10,Fill,Oxalis corniculata,0
2024,June,1,6,1-6,10,Fill,Paspalum notatum,9
2024,June,1,6,1-6,10,Fill,Paspalum setaceum,0
2024,June,1,6,1-6,10,Fill,Richardia spp.,0
2024,June,1,7,1-7,1,Fill,Androppogon virginicus,0
2024,June,1,7,1-7,1,Fill,Bare Ground,2
2024,June,1,7,1-7,1,Fill,Cynodon dactylon,0
2024,June,1,7,1-7,1,Fill,Cyperus spp.,2
2024,June,1,7,1-7,1,Fill,Erigeron canadensis,3
2024,June,1,7,1-7,1,Fill,Indigofera hirsuta,0
2024,June,1,7,1-7,1,Fill,Lactuca canadensis,0
2024,June,1,7,1-7,1,Fill,Oenethra laciniata,0
2024,June,1,7,1-7,1,Fill,Oxalis corniculata,2
2024,June,1,7,1-7,1,Fill,Paspalum notatum,9
2024,June,1,7,1-7,1,Fill,Paspalum setaceum,2
2024,June,1,7,1-7,1,Fill,Richardia spp.,2
2024,June,1,7,1-7,2,Fill,Androppogon virginicus,0
2024,June,1,7,1-7,2,Fill,Bare Ground,2
2024,June,1,7,1-7,2,Fill,Cynodon dactylon,2
2024,June,1,7,1-7,2,Fill,Cyperus spp.,2
2024,June,1,7,1-7,2,Fill,Erigeron canadensis,0
2024,June,1,7,1-7,2,Fill,Indigofera hirsuta,0
2024,June,1,7,1-7,2,Fill,Lactuca canadensis,0
2024,June,1,7,1-7,2,Fill,Oenethra laciniata,0
2024,June,1,7,1-7,2,Fill,Oxalis corniculata,3
2024,June,1,7,1-7,2,Fill,Paspalum notatum,9
2024,June,1,7,1-7,2,Fill,Paspalum setaceum,0
2024,June,1,7,1-7,2,Fill,Richardia spp.,3
2024,June,1,7,1-7,3,Fill,Androppogon virginicus,0
2024,June,1,7,1-7,3,Fill,Bare Ground,2
2024,June,1,7,1-7,3,Fill,Cynodon dactylon,0
2024,June,1,7,1-7,3,Fill,Cyperus spp.,0
2024,June,1,7,1-7,3,Fill,Erigeron canadensis,5
2024,June,1,7,1-7,3,Fill,Indigofera hirsuta,4
2024,June,1,7,1-7,3,Fill,Lactuca canadensis,0
2024,June,1,7,1-7,3,Fill,Oenethra laciniata,3
2024,June,1,7,1-7,3,Fill,Oxalis corniculata,0
2024,June,1,7,1-7,3,Fill,Paspalum notatum,9
2024,June,1,7,1-7,3,Fill,Paspalum setaceum,0
2024,June,1,7,1-7,3,Fill,Richardia spp.,0
2024,June,1,7,1-7,4,Fill,Androppogon virginicus,0
2024,June,1,7,1-7,4,Fill,Bare Ground,2
2024,June,1,7,1-7,4,Fill,Cynodon dactylon,0
2024,June,1,7,1-7,4,Fill,Cyperus spp.,0
2024,June,1,7,1-7,4,Fill,Erigeron canadensis,0
2024,June,1,7,1-7,4,Fill,Indigofera hirsuta,0
2024,June,1,7,1-7,4,Fill,Lactuca canadensis,0
2024,June,1,7,1-7,4,Fill,Oenethra laciniata,0
2024,June,1,7,1-7,4,Fill,Oxalis corniculata,0
2024,June,1,7,1-7,4,Fill,Paspalum notatum,9
2024,June,1,7,1-7,4,Fill,Paspalum setaceum,0
2024,June,1,7,1-7,4,Fill,Richardia spp.,0
2024,June,1,7,1-7,4,Fill,Taraxacum spp.,2
2024,June,1,7,1-7,5,Fill,Androppogon virginicus,0
2024,June,1,7,1-7,5,Fill,Bare Ground,2
2024,June,1,7,1-7,5,Fill,Cynodon dactylon,0
2024,June,1,7,1-7,5,Fill,Cyperus spp.,0
2024,June,1,7,1-7,5,Fill,Erigeron canadensis,3
2024,June,1,7,1-7,5,Fill,Indigofera hirsuta,0
2024,June,1,7,1-7,5,Fill,Lactuca canadensis,0
2024,June,1,7,1-7,5,Fill,Oenethra laciniata,0
2024,June,1,7,1-7,5,Fill,Oxalis corniculata,0
2024,June,1,7,1-7,5,Fill,Paspalum notatum,9
2024,June,1,7,1-7,5,Fill,Paspalum setaceum,0
2024,June,1,7,1-7,5,Fill,Richardia spp.,3
2024,June,1,7,1-7,6,Fill,Androppogon virginicus,0
2024,June,1,7,1-7,6,Fill,Bare Ground,0
2024,June,1,7,1-7,6,Fill,Cynodon dactylon,3
2024,June,1,7,1-7,6,Fill,Cyperus spp.,2
2024,June,1,7,1-7,6,Fill,Erigeron canadensis,5
2024,June,1,7,1-7,6,Fill,Indigofera hirsuta,0
2024,June,1,7,1-7,6,Fill,Lactuca canadensis,0
2024,June,1,7,1-7,6,Fill,Oenethra laciniata,5
2024,June,1,7,1-7,6,Fill,Oxalis corniculata,0
2024,June,1,7,1-7,6,Fill,Paspalum notatum,9
2024,June,1,7,1-7,6,Fill,Paspalum setaceum,0
2024,June,1,7,1-7,6,Fill,Richardia spp.,4
2024,June,1,7,1-7,7,Fill,Androppogon virginicus,0
2024,June,1,7,1-7,7,Fill,Bare Ground,2
2024,June,1,7,1-7,7,Fill,Cynodon dactylon,0
2024,June,1,7,1-7,7,Fill,Cyperus spp.,2
2024,June,1,7,1-7,7,Fill,Erigeron canadensis,4
2024,June,1,7,1-7,7,Fill,Indigofera hirsuta,3
2024,June,1,7,1-7,7,Fill,Lactuca canadensis,0
2024,June,1,7,1-7,7,Fill,Oenethra laciniata,4
2024,June,1,7,1-7,7,Fill,Oxalis corniculata,0
2024,June,1,7,1-7,7,Fill,Paspalum notatum,9
2024,June,1,7,1-7,7,Fill,Paspalum setaceum,0
2024,June,1,7,1-7,7,Fill,Richardia spp.,2
2024,June,1,7,1-7,8,Fill,Androppogon virginicus,2
2024,June,1,7,1-7,8,Fill,Bare Ground,2
2024,June,1,7,1-7,8,Fill,Cynodon dactylon,4
2024,June,1,7,1-7,8,Fill,Cyperus spp.,0
2024,June,1,7,1-7,8,Fill,Erigeron canadensis,2
2024,June,1,7,1-7,8,Fill,Indigofera hirsuta,0
2024,June,1,7,1-7,8,Fill,Lactuca canadensis,0
2024,June,1,7,1-7,8,Fill,Oenethra laciniata,2
2024,June,1,7,1-7,8,Fill,Oxalis corniculata,0
2024,June,1,7,1-7,8,Fill,Paspalum notatum,9
2024,June,1,7,1-7,8,Fill,Paspalum setaceum,0
2024,June,1,7,1-7,8,Fill,Richardia spp.,2
2024,June,1,7,1-7,9,Fill,Androppogon virginicus,3
2024,June,1,7,1-7,9,Fill,Bare Ground,2
2024,June,1,7,1-7,9,Fill,Cynodon dactylon,3
2024,June,1,7,1-7,9,Fill,Cyperus spp.,2
2024,June,1,7,1-7,9,Fill,Erigeron canadensis,2
2024,June,1,7,1-7,9,Fill,Indigofera hirsuta,0
2024,June,1,7,1-7,9,Fill,Lactuca canadensis,0
2024,June,1,7,1-7,9,Fill,Oenethra laciniata,3
2024,June,1,7,1-7,9,Fill,Oxalis corniculata,2
2024,June,1,7,1-7,9,Fill,Paspalum notatum,9
2024,June,1,7,1-7,9,Fill,Paspalum setaceum,0
2024,June,1,7,1-7,9,Fill,Richardia spp.,3
2024,June,1,7,1-7,10,Fill,Androppogon virginicus,2
2024,June,1,7,1-7,10,Fill,Bare Ground,0
2024,June,1,7,1-7,10,Fill,Cynodon dactylon,4
2024,June,1,7,1-7,10,Fill,Cyperus spp.,0
2024,June,1,7,1-7,10,Fill,Erigeron canadensis,0
2024,June,1,7,1-7,10,Fill,Indigofera hirsuta,0
2024,June,1,7,1-7,10,Fill,Lactuca canadensis,0
2024,June,1,7,1-7,10,Fill,Oenethra laciniata,2
2024,June,1,7,1-7,10,Fill,Oxalis corniculata,2
2024,June,1,7,1-7,10,Fill,Paspalum notatum,9
2024,June,1,7,1-7,10,Fill,Paspalum setaceum,0
2024,June,1,7,1-7,10,Fill,Richardia spp.,2
2024,June,1,8,1-8,1,Fill,Androppogon virginicus,0
2024,June,1,8,1-8,1,Fill,Bare Ground,0
2024,June,1,8,1-8,1,Fill,Cynodon dactylon,0
2024,June,1,8,1-8,1,Fill,Cyperus spp.,1
2024,June,1,8,1-8,1,Fill,Erigeron canadensis,2
2024,June,1,8,1-8,1,Fill,Indigofera hirsuta,0
2024,June,1,8,1-8,1,Fill,Lactuca canadensis,0
2024,June,1,8,1-8,1,Fill,Oenethra laciniata,2
2024,June,1,8,1-8,1,Fill,Oxalis corniculata,0
2024,June,1,8,1-8,1,Fill,Paspalum notatum,9
2024,June,1,8,1-8,1,Fill,Paspalum setaceum,0
2024,June,1,8,1-8,1,Fill,Polpremum procumbers,3
2024,June,1,8,1-8,1,Fill,Richardia spp.,2
2024,June,1,8,1-8,2,Fill,Androppogon virginicus,0
2024,June,1,8,1-8,2,Fill,Bare Ground,3
2024,June,1,8,1-8,2,Fill,Cynodon dactylon,2
2024,June,1,8,1-8,2,Fill,Cyperus spp.,1
2024,June,1,8,1-8,2,Fill,Erigeron canadensis,4
2024,June,1,8,1-8,2,Fill,Indigofera hirsuta,3
2024,June,1,8,1-8,2,Fill,Lactuca canadensis,0
2024,June,1,8,1-8,2,Fill,Oenethra laciniata,0
2024,June,1,8,1-8,2,Fill,Oxalis corniculata,0
2024,June,1,8,1-8,2,Fill,Paspalum notatum,9
2024,June,1,8,1-8,2,Fill,Paspalum setaceum,0
2024,June,1,8,1-8,2,Fill,Polpremum procumbers,3
2024,June,1,8,1-8,2,Fill,Richardia spp.,4
2024,June,1,8,1-8,3,Fill,Androppogon virginicus,0
2024,June,1,8,1-8,3,Fill,Bare Ground,0
2024,June,1,8,1-8,3,Fill,Cynodon dactylon,0
2024,June,1,8,1-8,3,Fill,Cyperus spp.,0
2024,June,1,8,1-8,3,Fill,Erigeron canadensis,1
2024,June,1,8,1-8,3,Fill,Indigofera hirsuta,0
2024,June,1,8,1-8,3,Fill,Lactuca canadensis,0
2024,June,1,8,1-8,3,Fill,Oenethra laciniata,2
2024,June,1,8,1-8,3,Fill,Oxalis corniculata,0
2024,June,1,8,1-8,3,Fill,Paspalum notatum,9
2024,June,1,8,1-8,3,Fill,Paspalum setaceum,0
2024,June,1,8,1-8,3,Fill,Polpremum procumbers,4
2024,June,1,8,1-8,3,Fill,Richardia spp.,0
2024,June,1,8,1-8,4,Fill,Androppogon virginicus,0
2024,June,1,8,1-8,4,Fill,Bare Ground,0
2024,June,1,8,1-8,4,Fill,Cynodon dactylon,0
2024,June,1,8,1-8,4,Fill,Cyperus spp.,0
2024,June,1,8,1-8,4,Fill,Erigeron canadensis,4
2024,June,1,8,1-8,4,Fill,Indigofera hirsuta,0
2024,June,1,8,1-8,4,Fill,Lactuca canadensis,0
2024,June,1,8,1-8,4,Fill,Oenethra laciniata,3
2024,June,1,8,1-8,4,Fill,Oxalis corniculata,0
2024,June,1,8,1-8,4,Fill,Paspalum notatum,9
2024,June,1,8,1-8,4,Fill,Paspalum setaceum,0
2024,June,1,8,1-8,4,Fill,Polpremum procumbers,4
2024,June,1,8,1-8,4,Fill,Richardia spp.,0
2024,June,1,8,1-8,5,Fill,Androppogon virginicus,0
2024,June,1,8,1-8,5,Fill,Bare Ground,2
2024,June,1,8,1-8,5,Fill,Cynodon dactylon,5
2024,June,1,8,1-8,5,Fill,Cyperus spp.,2
2024,June,1,8,1-8,5,Fill,Erigeron canadensis,3
2024,June,1,8,1-8,5,Fill,Indigofera hirsuta,0
2024,June,1,8,1-8,5,Fill,Lactuca canadensis,0
2024,June,1,8,1-8,5,Fill,Oenethra laciniata,3
2024,June,1,8,1-8,5,Fill,Oxalis corniculata,1
2024,June,1,8,1-8,5,Fill,Paspalum notatum,9
2024,June,1,8,1-8,5,Fill,Paspalum setaceum,0
2024,June,1,8,1-8,5,Fill,Polpremum procumbers,4
2024,June,1,8,1-8,5,Fill,Richardia spp.,0
2024,June,1,8,1-8,6,Fill,Androppogon virginicus,0
2024,June,1,8,1-8,6,Fill,Bare Ground,0
2024,June,1,8,1-8,6,Fill,Cynodon dactylon,4
2024,June,1,8,1-8,6,Fill,Cyperus spp.,2
2024,June,1,8,1-8,6,Fill,Erigeron canadensis,4
2024,June,1,8,1-8,6,Fill,Indigofera hirsuta,0
2024,June,1,8,1-8,6,Fill,Lactuca canadensis,0
2024,June,1,8,1-8,6,Fill,Oenethra laciniata,0
2024,June,1,8,1-8,6,Fill,Oxalis corniculata,0
2024,June,1,8,1-8,6,Fill,Paspalum notatum,9
2024,June,1,8,1-8,6,Fill,Paspalum setaceum,3
2024,June,1,8,1-8,6,Fill,Polpremum procumbers,4
2024,June,1,8,1-8,6,Fill,Richardia spp.,3
2024,June,1,8,1-8,7,Fill,Androppogon virginicus,0
2024,June,1,8,1-8,7,Fill,Bare Ground,0
2024,June,1,8,1-8,7,Fill,Cynodon dactylon,0
2024,June,1,8,1-8,7,Fill,Cyperus spp.,0
2024,June,1,8,1-8,7,Fill,Erigeron canadensis,5
2024,June,1,8,1-8,7,Fill,Indigofera hirsuta,0
2024,June,1,8,1-8,7,Fill,Lactuca canadensis,0
2024,June,1,8,1-8,7,Fill,Oenethra laciniata,0
2024,June,1,8,1-8,7,Fill,Oxalis corniculata,0
2024,June,1,8,1-8,7,Fill,Paspalum notatum,9
2024,June,1,8,1-8,7,Fill,Paspalum setaceum,0
2024,June,1,8,1-8,7,Fill,Richardia spp.,0
2024,June,1,8,1-8,8,Fill,Androppogon virginicus,0
2024,June,1,8,1-8,8,Fill,Bare Ground,0
2024,June,1,8,1-8,8,Fill,Cynodon dactylon,0
2024,June,1,8,1-8,8,Fill,Cyperus spp.,0
2024,June,1,8,1-8,8,Fill,Erigeron canadensis,5
2024,June,1,8,1-8,8,Fill,Indigofera hirsuta,0
2024,June,1,8,1-8,8,Fill,Lactuca canadensis,0
2024,June,1,8,1-8,8,Fill,Oenethra laciniata,0
2024,June,1,8,1-8,8,Fill,Oxalis corniculata,0
2024,June,1,8,1-8,8,Fill,Paspalum notatum,9
2024,June,1,8,1-8,8,Fill,Paspalum setaceum,0
2024,June,1,8,1-8,8,Fill,Richardia spp.,0
2024,June,1,8,1-8,9,Fill,Androppogon virginicus,0
2024,June,1,8,1-8,9,Fill,Bare Ground,0
2024,June,1,8,1-8,9,Fill,Cynodon dactylon,0
2024,June,1,8,1-8,9,Fill,Cyperus spp.,0
2024,June,1,8,1-8,9,Fill,Erigeron canadensis,3
2024,June,1,8,1-8,9,Fill,Indigofera hirsuta,0
2024,June,1,8,1-8,9,Fill,Lactuca canadensis,0
2024,June,1,8,1-8,9,Fill,Oenethra laciniata,0
2024,June,1,8,1-8,9,Fill,Oxalis corniculata,0
2024,June,1,8,1-8,9,Fill,Paspalum notatum,9
2024,June,1,8,1-8,9,Fill,Paspalum setaceum,0
2024,June,1,8,1-8,9,Fill,Richardia spp.,2
2024,June,1,8,1-8,10,Fill,Androppogon virginicus,0
2024,June,1,8,1-8,10,Fill,Bare Ground,3
2024,June,1,8,1-8,10,Fill,Cynodon dactylon,4
2024,June,1,8,1-8,10,Fill,Cyperus spp.,2
2024,June,1,8,1-8,10,Fill,Erigeron canadensis,0
2024,June,1,8,1-8,10,Fill,Indigofera hirsuta,0
2024,June,1,8,1-8,10,Fill,Lactuca canadensis,0
2024,June,1,8,1-8,10,Fill,Oenethra laciniata,0
2024,June,1,8,1-8,10,Fill,Oxalis corniculata,0
2024,June,1,8,1-8,10,Fill,Paspalum notatum,9
2024,June,1,8,1-8,10,Fill,Paspalum setaceum,0
2024,June,1,8,1-8,10,Fill,Richardia spp.,2
2024,June,1,9,1-9,1,Control,Androppogon virginicus,0
2024,June,1,9,1-9,1,Control,Bare Ground,0
2024,June,1,9,1-9,1,Control,Cynodon dactylon,0
2024,June,1,9,1-9,1,Control,Cyperus spp.,0
2024,June,1,9,1-9,1,Control,Erigeron canadensis,0
2024,June,1,9,1-9,1,Control,Indigofera hirsuta,0
2024,June,1,9,1-9,1,Control,Lactuca canadensis,0
2024,June,1,9,1-9,1,Control,Oenethra laciniata,0
2024,June,1,9,1-9,1,Control,Oxalis corniculata,0
2024,June,1,9,1-9,1,Control,Paspalum notatum,9
2024,June,1,9,1-9,1,Control,Paspalum setaceum,0
2024,June,1,9,1-9,1,Control,Richardia spp.,0
2024,June,1,9,1-9,2,Control,Androppogon virginicus,0
2024,June,1,9,1-9,2,Control,Bare Ground,1
2024,June,1,9,1-9,2,Control,Cynodon dactylon,4
2024,June,1,9,1-9,2,Control,Cyperus spp.,3
2024,June,1,9,1-9,2,Control,Erigeron canadensis,2
2024,June,1,9,1-9,2,Control,Indigofera hirsuta,3
2024,June,1,9,1-9,2,Control,Lactuca canadensis,0
2024,June,1,9,1-9,2,Control,Oenethra laciniata,2
2024,June,1,9,1-9,2,Control,Oxalis corniculata,0
2024,June,1,9,1-9,2,Control,Paspalum notatum,9
2024,June,1,9,1-9,2,Control,Paspalum setaceum,0
2024,June,1,9,1-9,2,Control,Richardia spp.,3
2024,June,1,9,1-9,3,Control,Androppogon virginicus,0
2024,June,1,9,1-9,3,Control,Bare Ground,1
2024,June,1,9,1-9,3,Control,Cynodon dactylon,4
2024,June,1,9,1-9,3,Control,Cyperus spp.,0
2024,June,1,9,1-9,3,Control,Erigeron canadensis,3
2024,June,1,9,1-9,3,Control,Indigofera hirsuta,0
2024,June,1,9,1-9,3,Control,Lactuca canadensis,0
2024,June,1,9,1-9,3,Control,Oenethra laciniata,5
2024,June,1,9,1-9,3,Control,Oxalis corniculata,0
2024,June,1,9,1-9,3,Control,Paspalum notatum,9
2024,June,1,9,1-9,3,Control,Paspalum setaceum,0
2024,June,1,9,1-9,3,Control,Richardia spp.,3
2024,June,1,9,1-9,4,Control,Androppogon virginicus,0
2024,June,1,9,1-9,4,Control,Bare Ground,0
2024,June,1,9,1-9,4,Control,Cynodon dactylon,4
2024,June,1,9,1-9,4,Control,Cyperus spp.,2
2024,June,1,9,1-9,4,Control,Erigeron canadensis,4
2024,June,1,9,1-9,4,Control,Indigofera hirsuta,0
2024,June,1,9,1-9,4,Control,Lactuca canadensis,0
2024,June,1,9,1-9,4,Control,Oenethra laciniata,4
2024,June,1,9,1-9,4,Control,Oxalis corniculata,2
2024,June,1,9,1-9,4,Control,Paspalum notatum,9
2024,June,1,9,1-9,4,Control,Paspalum setaceum,0
2024,June,1,9,1-9,4,Control,Richardia spp.,3
2024,June,1,9,1-9,5,Control,Androppogon virginicus,2
2024,June,1,9,1-9,5,Control,Bare Ground,2
2024,June,1,9,1-9,5,Control,Cynodon dactylon,3
2024,June,1,9,1-9,5,Control,Cyperus spp.,2
2024,June,1,9,1-9,5,Control,Erigeron canadensis,2
2024,June,1,9,1-9,5,Control,Indigofera hirsuta,0
2024,June,1,9,1-9,5,Control,Lactuca canadensis,2
2024,June,1,9,1-9,5,Control,Oenethra laciniata,2
2024,June,1,9,1-9,5,Control,Oxalis corniculata,2
2024,June,1,9,1-9,5,Control,Paspalum notatum,9
2024,June,1,9,1-9,5,Control,Paspalum setaceum,0
2024,June,1,9,1-9,5,Control,Richardia spp.,4
2024,June,1,9,1-9,6,Control,Androppogon virginicus,2
2024,June,1,9,1-9,6,Control,Bare Ground,0
2024,June,1,9,1-9,6,Control,Cynodon dactylon,3
2024,June,1,9,1-9,6,Control,Cyperus spp.,2
2024,June,1,9,1-9,6,Control,Erigeron canadensis,5
2024,June,1,9,1-9,6,Control,Indigofera hirsuta,3
2024,June,1,9,1-9,6,Control,Lactuca canadensis,0
2024,June,1,9,1-9,6,Control,Oenethra laciniata,2
2024,June,1,9,1-9,6,Control,Oxalis corniculata,2
2024,June,1,9,1-9,6,Control,Paspalum notatum,9
2024,June,1,9,1-9,6,Control,Paspalum setaceum,0
2024,June,1,9,1-9,6,Control,Richardia spp.,2
2024,June,1,9,1-9,6,Control,Taraxacum spp.,2
2024,June,1,9,1-9,7,Control,Androppogon virginicus,0
2024,June,1,9,1-9,7,Control,Bare Ground,2
2024,June,1,9,1-9,7,Control,Cynodon dactylon,4
2024,June,1,9,1-9,7,Control,Cyperus spp.,2
2024,June,1,9,1-9,7,Control,Erigeron canadensis,0
2024,June,1,9,1-9,7,Control,Indigofera hirsuta,3
2024,June,1,9,1-9,7,Control,Lactuca canadensis,2
2024,June,1,9,1-9,7,Control,Oenethra laciniata,2
2024,June,1,9,1-9,7,Control,Oxalis corniculata,2
2024,June,1,9,1-9,7,Control,Paspalum notatum,9
2024,June,1,9,1-9,7,Control,Paspalum setaceum,0
2024,June,1,9,1-9,7,Control,Richardia spp.,0
2024,June,1,9,1-9,8,Control,Androppogon virginicus,0
2024,June,1,9,1-9,8,Control,Bare Ground,2
2024,June,1,9,1-9,8,Control,Cynodon dactylon,3
2024,June,1,9,1-9,8,Control,Cyperus spp.,2
2024,June,1,9,1-9,8,Control,Erigeron canadensis,0
2024,June,1,9,1-9,8,Control,Indigofera hirsuta,0
2024,June,1,9,1-9,8,Control,Lactuca canadensis,0
2024,June,1,9,1-9,8,Control,Oenethra laciniata,2
2024,June,1,9,1-9,8,Control,Oxalis corniculata,2
2024,June,1,9,1-9,8,Control,Paspalum notatum,9
2024,June,1,9,1-9,8,Control,Paspalum setaceum,0
2024,June,1,9,1-9,8,Control,Richardia spp.,2
2024,June,1,9,1-9,9,Control,Androppogon virginicus,0
2024,June,1,9,1-9,9,Control,Bare Ground,2
2024,June,1,9,1-9,9,Control,Cynodon dactylon,3
2024,June,1,9,1-9,9,Control,Cyperus spp.,2
2024,June,1,9,1-9,9,Control,Erigeron canadensis,4
2024,June,1,9,1-9,9,Control,Indigofera hirsuta,4
2024,June,1,9,1-9,9,Control,Lactuca canadensis,0
2024,June,1,9,1-9,9,Control,Oenethra laciniata,4
2024,June,1,9,1-9,9,Control,Oxalis corniculata,2
2024,June,1,9,1-9,9,Control,Paspalum notatum,9
2024,June,1,9,1-9,9,Control,Paspalum setaceum,0
2024,June,1,9,1-9,9,Control,Richardia spp.,4
2024,June,1,9,1-9,10,Control,Androppogon virginicus,0
2024,June,1,9,1-9,10,Control,Bare Ground,0
2024,June,1,9,1-9,10,Control,Cynodon dactylon,3
2024,June,1,9,1-9,10,Control,Cyperus spp.,2
2024,June,1,9,1-9,10,Control,Erigeron canadensis,3
2024,June,1,9,1-9,10,Control,Indigofera hirsuta,0
2024,June,1,9,1-9,10,Control,Lactuca canadensis,0
2024,June,1,9,1-9,10,Control,Oenethra laciniata,6
2024,June,1,9,1-9,10,Control,Oxalis corniculata,2
2024,June,1,9,1-9,10,Control,Paspalum notatum,9
2024,June,1,9,1-9,10,Control,Paspalum setaceum,0
2024,June,1,9,1-9,10,Control,Richardia spp.,2
2024,June,1,10,1-10,1,Preemergent,Androppogon virginicus,2
2024,June,1,10,1-10,1,Preemergent,Bare Ground,1
2024,June,1,10,1-10,1,Preemergent,Cynodon dactylon,4
2024,June,1,10,1-10,1,Preemergent,Cyperus spp.,2
2024,June,1,10,1-10,1,Preemergent,Erigeron canadensis,4
2024,June,1,10,1-10,1,Preemergent,Indigofera hirsuta,0
2024,June,1,10,1-10,1,Preemergent,Lactuca canadensis,0
2024,June,1,10,1-10,1,Preemergent,Oenethra laciniata,2
2024,June,1,10,1-10,1,Preemergent,Oxalis corniculata,2
2024,June,1,10,1-10,1,Preemergent,Paspalum notatum,10
2024,June,1,10,1-10,1,Preemergent,Paspalum setaceum,2
2024,June,1,10,1-10,1,Preemergent,Richardia spp.,2
2024,June,1,10,1-10,2,Preemergent,Androppogon virginicus,2
2024,June,1,10,1-10,2,Preemergent,Bare Ground,2
2024,June,1,10,1-10,2,Preemergent,Cynodon dactylon,3
2024,June,1,10,1-10,2,Preemergent,Cyperus spp.,2
2024,June,1,10,1-10,2,Preemergent,Erigeron canadensis,2
2024,June,1,10,1-10,2,Preemergent,Indigofera hirsuta,0
2024,June,1,10,1-10,2,Preemergent,Lactuca canadensis,0
2024,June,1,10,1-10,2,Preemergent,Oenethra laciniata,0
2024,June,1,10,1-10,2,Preemergent,Oxalis corniculata,2
2024,June,1,10,1-10,2,Preemergent,Paspalum notatum,9
2024,June,1,10,1-10,2,Preemergent,Paspalum setaceum,0
2024,June,1,10,1-10,2,Preemergent,Richardia spp.,0
2024,June,1,10,1-10,3,Preemergent,Androppogon virginicus,0
2024,June,1,10,1-10,3,Preemergent,Bare Ground,0
2024,June,1,10,1-10,3,Preemergent,Cynodon dactylon,0
2024,June,1,10,1-10,3,Preemergent,Cyperus spp.,0
2024,June,1,10,1-10,3,Preemergent,Erigeron canadensis,3
,June,1,10,1-10,3,Preemergent,Eupatorium capilifolium,4
2024,June,1,10,1-10,3,Preemergent,Indigofera hirsuta,0
2024,June,1,10,1-10,3,Preemergent,Lactuca canadensis,0
2024,June,1,10,1-10,3,Preemergent,Oenethra laciniata,2
2024,June,1,10,1-10,3,Preemergent,Oxalis corniculata,2
2024,June,1,10,1-10,3,Preemergent,Paspalum notatum,9
2024,June,1,10,1-10,3,Preemergent,Paspalum setaceum,0
2024,June,1,10,1-10,3,Preemergent,Richardia spp.,0
2024,June,1,10,1-10,4,Preemergent,Androppogon virginicus,2
2024,June,1,10,1-10,4,Preemergent,Bare Ground,0
2024,June,1,10,1-10,4,Preemergent,Cynodon dactylon,2
2024,June,1,10,1-10,4,Preemergent,Cyperus spp.,2
2024,June,1,10,1-10,4,Preemergent,Erigeron canadensis,5
2024,June,1,10,1-10,4,Preemergent,Indigofera hirsuta,0
2024,June,1,10,1-10,4,Preemergent,Lactuca canadensis,0
2024,June,1,10,1-10,4,Preemergent,Oenethra laciniata,4
2024,June,1,10,1-10,4,Preemergent,Oxalis corniculata,2
2024,June,1,10,1-10,4,Preemergent,Paspalum notatum,9
2024,June,1,10,1-10,4,Preemergent,Paspalum setaceum,2
2024,June,1,10,1-10,4,Preemergent,Richardia spp.,2
2024,June,1,10,1-10,4,Preemergent,Taraxacum spp.,2
2024,June,1,10,1-10,5,Preemergent,Androppogon virginicus,0
2024,June,1,10,1-10,5,Preemergent,Bare Ground,0
2024,June,1,10,1-10,5,Preemergent,Cynodon dactylon,3
2024,June,1,10,1-10,5,Preemergent,Cyperus spp.,2
2024,June,1,10,1-10,5,Preemergent,Erigeron canadensis,5
2024,June,1,10,1-10,5,Preemergent,Indigofera hirsuta,0
2024,June,1,10,1-10,5,Preemergent,Lactuca canadensis,0
2024,June,1,10,1-10,5,Preemergent,Oenethra laciniata,3
2024,June,1,10,1-10,5,Preemergent,Oxalis corniculata,0
2024,June,1,10,1-10,5,Preemergent,Paspalum notatum,9
2024,June,1,10,1-10,5,Preemergent,Paspalum setaceum,2
2024,June,1,10,1-10,5,Preemergent,Richardia spp.,2
2024,June,1,10,1-10,6,Preemergent,Androppogon virginicus,0
2024,June,1,10,1-10,6,Preemergent,Bare Ground,0
2024,June,1,10,1-10,6,Preemergent,Cynodon dactylon,0
2024,June,1,10,1-10,6,Preemergent,Cyperus spp.,2
2024,June,1,10,1-10,6,Preemergent,Erigeron canadensis,2
2024,June,1,10,1-10,6,Preemergent,Indigofera hirsuta,0
2024,June,1,10,1-10,6,Preemergent,Lactuca canadensis,1
2024,June,1,10,1-10,6,Preemergent,Oenethra laciniata,4
2024,June,1,10,1-10,6,Preemergent,Oxalis corniculata,0
2024,June,1,10,1-10,6,Preemergent,Paspalum notatum,9
2024,June,1,10,1-10,6,Preemergent,Paspalum setaceum,2
2024,June,1,10,1-10,6,Preemergent,Richardia spp.,0
2024,June,1,10,1-10,7,Preemergent,Androppogon virginicus,0
2024,June,1,10,1-10,7,Preemergent,Bare Ground,0
2024,June,1,10,1-10,7,Preemergent,Cynodon dactylon,4
2024,June,1,10,1-10,7,Preemergent,Cyperus spp.,2
2024,June,1,10,1-10,7,Preemergent,Erigeron canadensis,4
2024,June,1,10,1-10,7,Preemergent,Indigofera hirsuta,0
2024,June,1,10,1-10,7,Preemergent,Lactuca canadensis,0
2024,June,1,10,1-10,7,Preemergent,Oenethra laciniata,4
2024,June,1,10,1-10,7,Preemergent,Oxalis corniculata,0
2024,June,1,10,1-10,7,Preemergent,Paspalum notatum,9
2024,June,1,10,1-10,7,Preemergent,Paspalum setaceum,0
2024,June,1,10,1-10,7,Preemergent,Richardia spp.,2
2024,June,1,10,1-10,8,Preemergent,Androppogon virginicus,0
2024,June,1,10,1-10,8,Preemergent,Bare Ground,0
2024,June,1,10,1-10,8,Preemergent,Cynodon dactylon,5
2024,June,1,10,1-10,8,Preemergent,Cyperus spp.,2
2024,June,1,10,1-10,8,Preemergent,Erigeron canadensis,4
2024,June,1,10,1-10,8,Preemergent,Indigofera hirsuta,0
2024,June,1,10,1-10,8,Preemergent,Lactuca canadensis,0
2024,June,1,10,1-10,8,Preemergent,Oenethra laciniata,4
2024,June,1,10,1-10,8,Preemergent,Oxalis corniculata,2
2024,June,1,10,1-10,8,Preemergent,Paspalum notatum,9
2024,June,1,10,1-10,8,Preemergent,Paspalum setaceum,0
2024,June,1,10,1-10,8,Preemergent,Richardia spp.,2
2024,June,1,10,1-10,9,Preemergent,Androppogon virginicus,0
2024,June,1,10,1-10,9,Preemergent,Bare Ground,0
2024,June,1,10,1-10,9,Preemergent,Bidens alba,2
2024,June,1,10,1-10,9,Preemergent,Cynodon dactylon,0
2024,June,1,10,1-10,9,Preemergent,Cyperus spp.,3
2024,June,1,10,1-10,9,Preemergent,Erigeron canadensis,3
2024,June,1,10,1-10,9,Preemergent,Indigofera hirsuta,2
2024,June,1,10,1-10,9,Preemergent,Lactuca canadensis,2
2024,June,1,10,1-10,9,Preemergent,Oenethra laciniata,4
2024,June,1,10,1-10,9,Preemergent,Oxalis corniculata,0
2024,June,1,10,1-10,9,Preemergent,Paspalum notatum,9
2024,June,1,10,1-10,9,Preemergent,Paspalum setaceum,0
2024,June,1,10,1-10,9,Preemergent,Richardia spp.,2
2024,June,1,10,1-10,10,Preemergent,Androppogon virginicus,0
2024,June,1,10,1-10,10,Preemergent,Bare Ground,2
2024,June,1,10,1-10,10,Preemergent,Cynodon dactylon,4
2024,June,1,10,1-10,10,Preemergent,Cyperus spp.,2
2024,June,1,10,1-10,10,Preemergent,Erigeron canadensis,0
2024,June,1,10,1-10,10,Preemergent,Indigofera hirsuta,2
2024,June,1,10,1-10,10,Preemergent,Lactuca canadensis,0
2024,June,1,10,1-10,10,Preemergent,Oenethra laciniata,3
2024,June,1,10,1-10,10,Preemergent,Oxalis corniculata,2
2024,June,1,10,1-10,10,Preemergent,Paspalum notatum,9
2024,June,1,10,1-10,10,Preemergent,Paspalum setaceum,0
2024,June,1,10,1-10,10,Preemergent,Richardia spp.,2
,June,1,10,1-10,10,Preemergent,Stachys floridana,4
2024,June,1,11,1-11,1,Soil Inversion,Androppogon virginicus,0
2024,June,1,11,1-11,1,Soil Inversion,Bare Ground,2
2024,June,1,11,1-11,1,Soil Inversion,Cynodon dactylon,4
2024,June,1,11,1-11,1,Soil Inversion,Cyperus spp.,2
2024,June,1,11,1-11,1,Soil Inversion,Erigeron canadensis,4
2024,June,1,11,1-11,1,Soil Inversion,Indigofera hirsuta,0
2024,June,1,11,1-11,1,Soil Inversion,Lactuca canadensis,0
2024,June,1,11,1-11,1,Soil Inversion,Oenethra laciniata,0
2024,June,1,11,1-11,1,Soil Inversion,Oxalis corniculata,2
2024,June,1,11,1-11,1,Soil Inversion,Paspalum notatum,9
2024,June,1,11,1-11,1,Soil Inversion,Paspalum setaceum,0
2024,June,1,11,1-11,1,Soil Inversion,Richardia spp.,0
,June,1,11,1-11,1,Soil Inversion,Stachys floridana,4
2024,June,1,11,1-11,2,Soil Inversion,Androppogon virginicus,0
2024,June,1,11,1-11,2,Soil Inversion,Bare Ground,2
2024,June,1,11,1-11,2,Soil Inversion,Cynodon dactylon,5
2024,June,1,11,1-11,2,Soil Inversion,Cyperus spp.,0
2024,June,1,11,1-11,2,Soil Inversion,Erigeron canadensis,4
2024,June,1,11,1-11,2,Soil Inversion,Indigofera hirsuta,0
2024,June,1,11,1-11,2,Soil Inversion,Lactuca canadensis,0
2024,June,1,11,1-11,2,Soil Inversion,Oenethra laciniata,4
2024,June,1,11,1-11,2,Soil Inversion,Oxalis corniculata,0
2024,June,1,11,1-11,2,Soil Inversion,Paspalum notatum,9
2024,June,1,11,1-11,2,Soil Inversion,Paspalum setaceum,0
2024,June,1,11,1-11,2,Soil Inversion,Richardia spp.,0
2024,June,1,11,1-11,3,Soil Inversion,Androppogon virginicus,0
2024,June,1,11,1-11,3,Soil Inversion,Bare Ground,0
2024,June,1,11,1-11,3,Soil Inversion,Cynodon dactylon,3
2024,June,1,11,1-11,3,Soil Inversion,Cyperus spp.,2
2024,June,1,11,1-11,3,Soil Inversion,Erigeron canadensis,4
2024,June,1,11,1-11,3,Soil Inversion,Indigofera hirsuta,0
2024,June,1,11,1-11,3,Soil Inversion,Lactuca canadensis,0
2024,June,1,11,1-11,3,Soil Inversion,Oenethra laciniata,2
2024,June,1,11,1-11,3,Soil Inversion,Oxalis corniculata,3
2024,June,1,11,1-11,3,Soil Inversion,Paspalum notatum,9
2024,June,1,11,1-11,3,Soil Inversion,Paspalum setaceum,3
2024,June,1,11,1-11,3,Soil Inversion,Polypremum procumbers,5
2024,June,1,11,1-11,3,Soil Inversion,Richardia spp.,3
2024,June,1,11,1-11,4,Soil Inversion,Androppogon virginicus,0
2024,June,1,11,1-11,4,Soil Inversion,Bare Ground,0
2024,June,1,11,1-11,4,Soil Inversion,Cynodon dactylon,3
2024,June,1,11,1-11,4,Soil Inversion,Cyperus spp.,2
2024,June,1,11,1-11,4,Soil Inversion,Erigeron canadensis,0
2024,June,1,11,1-11,4,Soil Inversion,Indigofera hirsuta,0
2024,June,1,11,1-11,4,Soil Inversion,Lactuca canadensis,0
2024,June,1,11,1-11,4,Soil Inversion,Oenethra laciniata,0
2024,June,1,11,1-11,4,Soil Inversion,Oxalis corniculata,2
2024,June,1,11,1-11,4,Soil Inversion,Paspalum notatum,9
2024,June,1,11,1-11,4,Soil Inversion,Paspalum setaceum,0
2024,June,1,11,1-11,4,Soil Inversion,Polypremum procumbers,3
2024,June,1,11,1-11,4,Soil Inversion,Richardia spp.,0
2024,June,1,11,1-11,5,Soil Inversion,Androppogon virginicus,0
2024,June,1,11,1-11,5,Soil Inversion,Bare Ground,1
2024,June,1,11,1-11,5,Soil Inversion,Cynodon dactylon,5
2024,June,1,11,1-11,5,Soil Inversion,Cyperus spp.,2
2024,June,1,11,1-11,5,Soil Inversion,Erigeron canadensis,5
2024,June,1,11,1-11,5,Soil Inversion,Indigofera hirsuta,2
2024,June,1,11,1-11,5,Soil Inversion,Lactuca canadensis,0
2024,June,1,11,1-11,5,Soil Inversion,Oenethra laciniata,1
2024,June,1,11,1-11,5,Soil Inversion,Oxalis corniculata,0
2024,June,1,11,1-11,5,Soil Inversion,Paspalum notatum,9
2024,June,1,11,1-11,5,Soil Inversion,Paspalum setaceum,2
2024,June,1,11,1-11,5,Soil Inversion,Polypremum procumbers,5
2024,June,1,11,1-11,5,Soil Inversion,Richardia spp.,0
2024,June,1,11,1-11,6,Soil Inversion,Androppogon virginicus,0
2024,June,1,11,1-11,6,Soil Inversion,Bare Ground,0
2024,June,1,11,1-11,6,Soil Inversion,Cynodon dactylon,6
2024,June,1,11,1-11,6,Soil Inversion,Cyperus spp.,0
2024,June,1,11,1-11,6,Soil Inversion,Erigeron canadensis,4
2024,June,1,11,1-11,6,Soil Inversion,Indigofera hirsuta,0
2024,June,1,11,1-11,6,Soil Inversion,Lactuca canadensis,0
2024,June,1,11,1-11,6,Soil Inversion,Oenethra laciniata,0
2024,June,1,11,1-11,6,Soil Inversion,Oxalis corniculata,0
2024,June,1,11,1-11,6,Soil Inversion,Paspalum notatum,9
2024,June,1,11,1-11,6,Soil Inversion,Paspalum setaceum,0
2024,June,1,11,1-11,6,Soil Inversion,Polypremum procumbers,4
2024,June,1,11,1-11,6,Soil Inversion,Richardia spp.,0
2024,June,1,11,1-11,7,Soil Inversion,Androppogon virginicus,0
2024,June,1,11,1-11,7,Soil Inversion,Bare Ground,1
2024,June,1,11,1-11,7,Soil Inversion,Cynodon dactylon,5
2024,June,1,11,1-11,7,Soil Inversion,Cyperus spp.,2
2024,June,1,11,1-11,7,Soil Inversion,Erigeron canadensis,4
2024,June,1,11,1-11,7,Soil Inversion,Indigofera hirsuta,0
2024,June,1,11,1-11,7,Soil Inversion,Lactuca canadensis,0
2024,June,1,11,1-11,7,Soil Inversion,Oenethra laciniata,0
2024,June,1,11,1-11,7,Soil Inversion,Oxalis corniculata,3
2024,June,1,11,1-11,7,Soil Inversion,Paspalum notatum,9
2024,June,1,11,1-11,7,Soil Inversion,Paspalum setaceum,0
2024,June,1,11,1-11,7,Soil Inversion,Polypremum procumbers,4
2024,June,1,11,1-11,7,Soil Inversion,Richardia spp.,0
2024,June,1,11,1-11,8,Soil Inversion,Androppogon virginicus,2
2024,June,1,11,1-11,8,Soil Inversion,Bare Ground,2
2024,June,1,11,1-11,8,Soil Inversion,Cynodon dactylon,0
2024,June,1,11,1-11,8,Soil Inversion,Cyperus spp.,0
2024,June,1,11,1-11,8,Soil Inversion,Erigeron canadensis,4
2024,June,1,11,1-11,8,Soil Inversion,Indigofera hirsuta,0
2024,June,1,11,1-11,8,Soil Inversion,Lactuca canadensis,0
2024,June,1,11,1-11,8,Soil Inversion,Oenethra laciniata,0
2024,June,1,11,1-11,8,Soil Inversion,Oxalis corniculata,0
2024,June,1,11,1-11,8,Soil Inversion,Paspalum notatum,9
2024,June,1,11,1-11,8,Soil Inversion,Paspalum setaceum,0
2024,June,1,11,1-11,8,Soil Inversion,Polypremum procumbers,5
2024,June,1,11,1-11,8,Soil Inversion,Richardia spp.,0
2024,June,1,11,1-11,9,Soil Inversion,Androppogon virginicus,0
2024,June,1,11,1-11,9,Soil Inversion,Bare Ground,0
2024,June,1,11,1-11,9,Soil Inversion,Cynodon dactylon,0
2024,June,1,11,1-11,9,Soil Inversion,Cyperus spp.,0
2024,June,1,11,1-11,9,Soil Inversion,Erigeron canadensis,4
2024,June,1,11,1-11,9,Soil Inversion,Indigofera hirsuta,0
2024,June,1,11,1-11,9,Soil Inversion,Lactuca canadensis,0
2024,June,1,11,1-11,9,Soil Inversion,Oenethra laciniata,0
2024,June,1,11,1-11,9,Soil Inversion,Oxalis corniculata,0
2024,June,1,11,1-11,9,Soil Inversion,Paspalum notatum,9
2024,June,1,11,1-11,9,Soil Inversion,Paspalum setaceum,0
2024,June,1,11,1-11,9,Soil Inversion,Richardia spp.,0
2024,June,1,11,1-11,10,Soil Inversion,Androppogon virginicus,0
2024,June,1,11,1-11,10,Soil Inversion,Bare Ground,0
2024,June,1,11,1-11,10,Soil Inversion,Cynodon dactylon,0
2024,June,1,11,1-11,10,Soil Inversion,Cyperus spp.,0
2024,June,1,11,1-11,10,Soil Inversion,Erigeron canadensis,4
2024,June,1,11,1-11,10,Soil Inversion,Indigofera hirsuta,0
2024,June,1,11,1-11,10,Soil Inversion,Lactuca canadensis,0
2024,June,1,11,1-11,10,Soil Inversion,Oenethra laciniata,0
2024,June,1,11,1-11,10,Soil Inversion,Oxalis corniculata,0
2024,June,1,11,1-11,10,Soil Inversion,Paspalum notatum,9
2024,June,1,11,1-11,10,Soil Inversion,Paspalum setaceum,0
2024,June,1,11,1-11,10,Soil Inversion,Richardia spp.,0
2024,June,1,12,1-12,1,Preemergent,Androppogon virginicus,0
2024,June,1,12,1-12,1,Preemergent,Bare Ground,0
2024,June,1,12,1-12,1,Preemergent,Cynodon dactylon,3
2024,June,1,12,1-12,1,Preemergent,Cyperus spp.,2
2024,June,1,12,1-12,1,Preemergent,Erigeron canadensis,4
2024,June,1,12,1-12,1,Preemergent,Indigofera hirsuta,2
2024,June,1,12,1-12,1,Preemergent,Lactuca canadensis,0
2024,June,1,12,1-12,1,Preemergent,Oenethra laciniata,3
2024,June,1,12,1-12,1,Preemergent,Oxalis corniculata,2
2024,June,1,12,1-12,1,Preemergent,Paspalum notatum,9
2024,June,1,12,1-12,1,Preemergent,Paspalum setaceum,2
2024,June,1,12,1-12,1,Preemergent,Richardia spp.,2
2024,June,1,12,1-12,2,Preemergent,Androppogon virginicus,0
2024,June,1,12,1-12,2,Preemergent,Bare Ground,0
2024,June,1,12,1-12,2,Preemergent,Cynodon dactylon,0
2024,June,1,12,1-12,2,Preemergent,Cyperus spp.,0
2024,June,1,12,1-12,2,Preemergent,Erigeron canadensis,2
2024,June,1,12,1-12,2,Preemergent,Indigofera hirsuta,0
2024,June,1,12,1-12,2,Preemergent,Lactuca canadensis,0
2024,June,1,12,1-12,2,Preemergent,Oenethra laciniata,3
2024,June,1,12,1-12,2,Preemergent,Oxalis corniculata,0
2024,June,1,12,1-12,2,Preemergent,Paspalum notatum,9
2024,June,1,12,1-12,2,Preemergent,Paspalum setaceum,0
2024,June,1,12,1-12,2,Preemergent,Richardia spp.,0
2024,June,1,12,1-12,3,Preemergent,Androppogon virginicus,0
2024,June,1,12,1-12,3,Preemergent,Bare Ground,0
2024,June,1,12,1-12,3,Preemergent,Cynodon dactylon,4
2024,June,1,12,1-12,3,Preemergent,Cyperus spp.,2
2024,June,1,12,1-12,3,Preemergent,Erigeron canadensis,5
2024,June,1,12,1-12,3,Preemergent,Indigofera hirsuta,2
2024,June,1,12,1-12,3,Preemergent,Lactuca canadensis,0
2024,June,1,12,1-12,3,Preemergent,Oenethra laciniata,4
2024,June,1,12,1-12,3,Preemergent,Oxalis corniculata,0
2024,June,1,12,1-12,3,Preemergent,Paspalum notatum,9
2024,June,1,12,1-12,3,Preemergent,Paspalum setaceum,0
2024,June,1,12,1-12,3,Preemergent,Richardia spp.,4
2024,June,1,12,1-12,4,Preemergent,Androppogon virginicus,0
2024,June,1,12,1-12,4,Preemergent,Bare Ground,0
2024,June,1,12,1-12,4,Preemergent,Cynodon dactylon,4
2024,June,1,12,1-12,4,Preemergent,Cyperus spp.,2
2024,June,1,12,1-12,4,Preemergent,Erigeron canadensis,4
2024,June,1,12,1-12,4,Preemergent,Indigofera hirsuta,3
2024,June,1,12,1-12,4,Preemergent,Lactuca canadensis,0
2024,June,1,12,1-12,4,Preemergent,Oenethra laciniata,3
2024,June,1,12,1-12,4,Preemergent,Oxalis corniculata,0
2024,June,1,12,1-12,4,Preemergent,Paspalum notatum,9
2024,June,1,12,1-12,4,Preemergent,Paspalum setaceum,3
2024,June,1,12,1-12,4,Preemergent,Richardia spp.,4
2024,June,1,12,1-12,5,Preemergent,Androppogon virginicus,0
2024,June,1,12,1-12,5,Preemergent,Bare Ground,0
2024,June,1,12,1-12,5,Preemergent,Cynodon dactylon,0
2024,June,1,12,1-12,5,Preemergent,Cyperus spp.,0
2024,June,1,12,1-12,5,Preemergent,Erigeron canadensis,3
2024,June,1,12,1-12,5,Preemergent,Indigofera hirsuta,0
2024,June,1,12,1-12,5,Preemergent,Lactuca canadensis,0
2024,June,1,12,1-12,5,Preemergent,Oenethra laciniata,4
2024,June,1,12,1-12,5,Preemergent,Oxalis corniculata,0
2024,June,1,12,1-12,5,Preemergent,Paspalum notatum,9
2024,June,1,12,1-12,5,Preemergent,Paspalum setaceum,0
2024,June,1,12,1-12,5,Preemergent,Richardia spp.,0
2024,June,1,12,1-12,6,Preemergent,Androppogon virginicus,0
2024,June,1,12,1-12,6,Preemergent,Bare Ground,2
2024,June,1,12,1-12,6,Preemergent,Cynodon dactylon,4
2024,June,1,12,1-12,6,Preemergent,Cyperus spp.,2
2024,June,1,12,1-12,6,Preemergent,Erigeron canadensis,4
2024,June,1,12,1-12,6,Preemergent,Indigofera hirsuta,2
2024,June,1,12,1-12,6,Preemergent,Lactuca canadensis,1
2024,June,1,12,1-12,6,Preemergent,Oenethra laciniata,4
2024,June,1,12,1-12,6,Preemergent,Oxalis corniculata,2
2024,June,1,12,1-12,6,Preemergent,Paspalum notatum,9
2024,June,1,12,1-12,6,Preemergent,Paspalum setaceum,0
2024,June,1,12,1-12,6,Preemergent,Richardia spp.,4
2024,June,1,12,1-12,7,Preemergent,Androppogon virginicus,0
2024,June,1,12,1-12,7,Preemergent,Bare Ground,0
2024,June,1,12,1-12,7,Preemergent,Cynodon dactylon,0
2024,June,1,12,1-12,7,Preemergent,Cyperus spp.,0
2024,June,1,12,1-12,7,Preemergent,Erigeron canadensis,5
2024,June,1,12,1-12,7,Preemergent,Indigofera hirsuta,0
2024,June,1,12,1-12,7,Preemergent,Lactuca canadensis,0
2024,June,1,12,1-12,7,Preemergent,Oenethra laciniata,2
2024,June,1,12,1-12,7,Preemergent,Oxalis corniculata,0
2024,June,1,12,1-12,7,Preemergent,Paspalum notatum,9
2024,June,1,12,1-12,7,Preemergent,Paspalum setaceum,0
2024,June,1,12,1-12,7,Preemergent,Richardia spp.,0
2024,June,1,12,1-12,8,Preemergent,Androppogon virginicus,0
2024,June,1,12,1-12,8,Preemergent,Bare Ground,2
2024,June,1,12,1-12,8,Preemergent,Cynodon dactylon,3
2024,June,1,12,1-12,8,Preemergent,Cyperus spp.,2
2024,June,1,12,1-12,8,Preemergent,Erigeron canadensis,2
2024,June,1,12,1-12,8,Preemergent,Indigofera hirsuta,0
2024,June,1,12,1-12,8,Preemergent,Lactuca canadensis,0
2024,June,1,12,1-12,8,Preemergent,Oenethra laciniata,0
2024,June,1,12,1-12,8,Preemergent,Oxalis corniculata,2
2024,June,1,12,1-12,8,Preemergent,Paspalum notatum,9
2024,June,1,12,1-12,8,Preemergent,Paspalum setaceum,0
2024,June,1,12,1-12,8,Preemergent,Richardia spp.,3
2024,June,1,12,1-12,9,Preemergent,Androppogon virginicus,0
2024,June,1,12,1-12,9,Preemergent,Bare Ground,0
2024,June,1,12,1-12,9,Preemergent,Cynodon dactylon,0
2024,June,1,12,1-12,9,Preemergent,Cyperus spp.,2
2024,June,1,12,1-12,9,Preemergent,Erigeron canadensis,2
,June,1,12,1-12,9,Preemergent,Eupatorium capilifolium,4
2024,June,1,12,1-12,9,Preemergent,Indigofera hirsuta,2
2024,June,1,12,1-12,9,Preemergent,Lactuca canadensis,0
2024,June,1,12,1-12,9,Preemergent,Oenethra laciniata,2
2024,June,1,12,1-12,9,Preemergent,Oxalis corniculata,2
2024,June,1,12,1-12,9,Preemergent,Paspalum notatum,9
2024,June,1,12,1-12,9,Preemergent,Paspalum setaceum,0
2024,June,1,12,1-12,9,Preemergent,Richardia spp.,0
2024,June,1,12,1-12,10,Preemergent,Androppogon virginicus,0
2024,June,1,12,1-12,10,Preemergent,Bare Ground,2
2024,June,1,12,1-12,10,Preemergent,Cynodon dactylon,4
2024,June,1,12,1-12,10,Preemergent,Cyperus spp.,1
2024,June,1,12,1-12,10,Preemergent,Erigeron canadensis,1
2024,June,1,12,1-12,10,Preemergent,Indigofera hirsuta,0
2024,June,1,12,1-12,10,Preemergent,Lactuca canadensis,1
2024,June,1,12,1-12,10,Preemergent,Oenethra laciniata,2
2024,June,1,12,1-12,10,Preemergent,Oxalis corniculata,2
2024,June,1,12,1-12,10,Preemergent,Paspalum notatum,9
2024,June,1,12,1-12,10,Preemergent,Paspalum setaceum,0
2024,June,1,12,1-12,10,Preemergent,Richardia spp.,2
2024,June,2,1,2-1,1,Soil Inversion,Androppogon virginicus,0
2024,June,2,1,2-1,1,Soil Inversion,Bare Ground,0
2024,June,2,1,2-1,1,Soil Inversion,Cynodon dactylon,4
2024,June,2,1,2-1,1,Soil Inversion,Cyperus spp.,2
2024,June,2,1,2-1,1,Soil Inversion,Erigeron canadensis,3
2024,June,2,1,2-1,1,Soil Inversion,Indigofera hirsuta,4
2024,June,2,1,2-1,1,Soil Inversion,Lactuca canadensis,0
2024,June,2,1,2-1,1,Soil Inversion,Oenethra laciniata,2
2024,June,2,1,2-1,1,Soil Inversion,Oxalis corniculata,2
2024,June,2,1,2-1,1,Soil Inversion,Paspalum notatum,9
2024,June,2,1,2-1,1,Soil Inversion,Paspalum setaceum,2
2024,June,2,1,2-1,1,Soil Inversion,Richardia spp.,0
2024,June,2,1,2-1,2,Soil Inversion,Ageratum spp.,5
2024,June,2,1,2-1,2,Soil Inversion,Androppogon virginicus,0
2024,June,2,1,2-1,2,Soil Inversion,Bare Ground,2
2024,June,2,1,2-1,2,Soil Inversion,Cynodon dactylon,3
2024,June,2,1,2-1,2,Soil Inversion,Cyperus spp.,3
2024,June,2,1,2-1,2,Soil Inversion,Erigeron canadensis,4
2024,June,2,1,2-1,2,Soil Inversion,Indigofera hirsuta,1
2024,June,2,1,2-1,2,Soil Inversion,Lactuca canadensis,2
2024,June,2,1,2-1,2,Soil Inversion,Oenethra laciniata,1
2024,June,2,1,2-1,2,Soil Inversion,Oxalis corniculata,2
2024,June,2,1,2-1,2,Soil Inversion,Paspalum notatum,9
2024,June,2,1,2-1,2,Soil Inversion,Paspalum setaceum,0
2024,June,2,1,2-1,2,Soil Inversion,Richardia spp.,3
2024,June,2,1,2-1,3,Soil Inversion,Ageratum spp.,2
2024,June,2,1,2-1,3,Soil Inversion,Androppogon virginicus,0
2024,June,2,1,2-1,3,Soil Inversion,Bare Ground,0
2024,June,2,1,2-1,3,Soil Inversion,Cynodon dactylon,4
2024,June,2,1,2-1,3,Soil Inversion,Cyperus spp.,2
2024,June,2,1,2-1,3,Soil Inversion,Erigeron canadensis,2
2024,June,2,1,2-1,3,Soil Inversion,Indigofera hirsuta,4
2024,June,2,1,2-1,3,Soil Inversion,Lactuca canadensis,0
2024,June,2,1,2-1,3,Soil Inversion,Oenethra laciniata,3
2024,June,2,1,2-1,3,Soil Inversion,Oxalis corniculata,0
2024,June,2,1,2-1,3,Soil Inversion,Paspalum notatum,9
2024,June,2,1,2-1,3,Soil Inversion,Paspalum setaceum,0
2024,June,2,1,2-1,3,Soil Inversion,Richardia spp.,2
2024,June,2,1,2-1,4,Soil Inversion,Androppogon virginicus,2
2024,June,2,1,2-1,4,Soil Inversion,Bare Ground,1
2024,June,2,1,2-1,4,Soil Inversion,Cynodon dactylon,2
2024,June,2,1,2-1,4,Soil Inversion,Cyperus spp.,0
2024,June,2,1,2-1,4,Soil Inversion,Erigeron canadensis,3
2024,June,2,1,2-1,4,Soil Inversion,Indigofera hirsuta,5
2024,June,2,1,2-1,4,Soil Inversion,Lactuca canadensis,0
2024,June,2,1,2-1,4,Soil Inversion,Oenethra laciniata,5
2024,June,2,1,2-1,4,Soil Inversion,Oxalis corniculata,3
2024,June,2,1,2-1,4,Soil Inversion,Paspalum notatum,9
2024,June,2,1,2-1,4,Soil Inversion,Paspalum setaceum,0
2024,June,2,1,2-1,4,Soil Inversion,Richardia spp.,3
2024,June,2,1,2-1,5,Soil Inversion,Ageratum spp.,4
2024,June,2,1,2-1,5,Soil Inversion,Androppogon virginicus,0
2024,June,2,1,2-1,5,Soil Inversion,Bare Ground,0
2024,June,2,1,2-1,5,Soil Inversion,Cynodon dactylon,0
2024,June,2,1,2-1,5,Soil Inversion,Cyperus spp.,1
2024,June,2,1,2-1,5,Soil Inversion,Erigeron canadensis,3
2024,June,2,1,2-1,5,Soil Inversion,Indigofera hirsuta,5
2024,June,2,1,2-1,5,Soil Inversion,Lactuca canadensis,0
2024,June,2,1,2-1,5,Soil Inversion,Oenethra laciniata,0
2024,June,2,1,2-1,5,Soil Inversion,Oxalis corniculata,0
2024,June,2,1,2-1,5,Soil Inversion,Paspalum notatum,9
2024,June,2,1,2-1,5,Soil Inversion,Paspalum setaceum,0
2024,June,2,1,2-1,5,Soil Inversion,Richardia spp.,1
2024,June,2,1,2-1,6,Soil Inversion,Ageratum spp.,2
2024,June,2,1,2-1,6,Soil Inversion,Androppogon virginicus,0
2024,June,2,1,2-1,6,Soil Inversion,Bare Ground,0
2024,June,2,1,2-1,6,Soil Inversion,Crotolaria spp.,4
2024,June,2,1,2-1,6,Soil Inversion,Cynodon dactylon,0
2024,June,2,1,2-1,6,Soil Inversion,Cyperus spp.,0
2024,June,2,1,2-1,6,Soil Inversion,Erigeron canadensis,3
2024,June,2,1,2-1,6,Soil Inversion,Indigofera hirsuta,0
2024,June,2,1,2-1,6,Soil Inversion,Lactuca canadensis,0
2024,June,2,1,2-1,6,Soil Inversion,Oenethra laciniata,4
2024,June,2,1,2-1,6,Soil Inversion,Oxalis corniculata,0
2024,June,2,1,2-1,6,Soil Inversion,Paspalum notatum,9
2024,June,2,1,2-1,6,Soil Inversion,Paspalum setaceum,0
2024,June,2,1,2-1,6,Soil Inversion,Richardia spp.,3
2024,June,2,1,2-1,7,Soil Inversion,Ageratum spp.,4
2024,June,2,1,2-1,7,Soil Inversion,Androppogon virginicus,2
2024,June,2,1,2-1,7,Soil Inversion,Bare Ground,2
2024,June,2,1,2-1,7,Soil Inversion,Cynodon dactylon,4
2024,June,2,1,2-1,7,Soil Inversion,Cyperus spp.,1
2024,June,2,1,2-1,7,Soil Inversion,Erigeron canadensis,4
2024,June,2,1,2-1,7,Soil Inversion,Indigofera hirsuta,0
2024,June,2,1,2-1,7,Soil Inversion,Lactuca canadensis,0
2024,June,2,1,2-1,7,Soil Inversion,Oenethra laciniata,0
2024,June,2,1,2-1,7,Soil Inversion,Oxalis corniculata,1
2024,June,2,1,2-1,7,Soil Inversion,Paspalum notatum,9
2024,June,2,1,2-1,7,Soil Inversion,Paspalum setaceum,0
2024,June,2,1,2-1,7,Soil Inversion,Richardia spp.,2
2024,June,2,1,2-1,8,Soil Inversion,Androppogon virginicus,0
2024,June,2,1,2-1,8,Soil Inversion,Bare Ground,0
2024,June,2,1,2-1,8,Soil Inversion,Cynodon dactylon,4
2024,June,2,1,2-1,8,Soil Inversion,Cyperus spp.,2
2024,June,2,1,2-1,8,Soil Inversion,Erigeron canadensis,3
2024,June,2,1,2-1,8,Soil Inversion,Indigofera hirsuta,5
2024,June,2,1,2-1,8,Soil Inversion,Lactuca canadensis,0
2024,June,2,1,2-1,8,Soil Inversion,Oenethra laciniata,0
2024,June,2,1,2-1,8,Soil Inversion,Oxalis corniculata,2
2024,June,2,1,2-1,8,Soil Inversion,Paspalum notatum,9
2024,June,2,1,2-1,8,Soil Inversion,Paspalum setaceum,0
2024,June,2,1,2-1,8,Soil Inversion,Richardia spp.,1
2024,June,2,1,2-1,9,Soil Inversion,Androppogon virginicus,0
2024,June,2,1,2-1,9,Soil Inversion,Bare Ground,0
2024,June,2,1,2-1,9,Soil Inversion,Cynodon dactylon,3
2024,June,2,1,2-1,9,Soil Inversion,Cyperus spp.,2
2024,June,2,1,2-1,9,Soil Inversion,Erigeron canadensis,2
2024,June,2,1,2-1,9,Soil Inversion,Indigofera hirsuta,4
2024,June,2,1,2-1,9,Soil Inversion,Lactuca canadensis,0
2024,June,2,1,2-1,9,Soil Inversion,Oenethra laciniata,1
2024,June,2,1,2-1,9,Soil Inversion,Oxalis corniculata,1
2024,June,2,1,2-1,9,Soil Inversion,Paspalum notatum,9
2024,June,2,1,2-1,9,Soil Inversion,Paspalum setaceum,0
2024,June,2,1,2-1,9,Soil Inversion,Richardia spp.,2
2024,June,2,1,2-1,10,Soil Inversion,Ageratum spp.,1
2024,June,2,1,2-1,10,Soil Inversion,Androppogon virginicus,0
2024,June,2,1,2-1,10,Soil Inversion,Bare Ground,0
2024,June,2,1,2-1,10,Soil Inversion,Cynodon dactylon,3
2024,June,2,1,2-1,10,Soil Inversion,Cyperus spp.,2
2024,June,2,1,2-1,10,Soil Inversion,Erigeron canadensis,4
2024,June,2,1,2-1,10,Soil Inversion,Indigofera hirsuta,4
2024,June,2,1,2-1,10,Soil Inversion,Lactuca canadensis,0
2024,June,2,1,2-1,10,Soil Inversion,Oenethra laciniata,0
2024,June,2,1,2-1,10,Soil Inversion,Oxalis corniculata,0
2024,June,2,1,2-1,10,Soil Inversion,Paspalum notatum,9
2024,June,2,1,2-1,10,Soil Inversion,Paspalum setaceum,0
2024,June,2,1,2-1,10,Soil Inversion,Richardia spp.,2
2024,June,2,2,2-2,1,Control,Androppogon virginicus,0
2024,June,2,2,2-2,1,Control,Bare Ground,2
2024,June,2,2,2-2,1,Control,Crotolaria spp.,1
2024,June,2,2,2-2,1,Control,Cynodon dactylon,3
2024,June,2,2,2-2,1,Control,Cyperus spp.,0
2024,June,2,2,2-2,1,Control,Erigeron canadensis,0
2024,June,2,2,2-2,1,Control,Indigofera hirsuta,0
2024,June,2,2,2-2,1,Control,Lactuca canadensis,0
2024,June,2,2,2-2,1,Control,Oenethra laciniata,0
2024,June,2,2,2-2,1,Control,Oxalis corniculata,0
2024,June,2,2,2-2,1,Control,Paspalum notatum,9
2024,June,2,2,2-2,1,Control,Paspalum setaceum,0
2024,June,2,2,2-2,1,Control,Richardia spp.,0
2024,June,2,2,2-2,2,Control,Androppogon virginicus,0
2024,June,2,2,2-2,2,Control,Bare Ground,0
2024,June,2,2,2-2,2,Control,Cynodon dactylon,0
2024,June,2,2,2-2,2,Control,Cyperus spp.,4
2024,June,2,2,2-2,2,Control,Erigeron canadensis,0
2024,June,2,2,2-2,2,Control,Indigofera hirsuta,4
2024,June,2,2,2-2,2,Control,Lactuca canadensis,0
2024,June,2,2,2-2,2,Control,Oenethra laciniata,1
2024,June,2,2,2-2,2,Control,Oxalis corniculata,0
2024,June,2,2,2-2,2,Control,Paspalum notatum,9
2024,June,2,2,2-2,2,Control,Paspalum setaceum,3
2024,June,2,2,2-2,2,Control,Richardia spp.,0
2024,June,2,2,2-2,3,Control,Androppogon virginicus,0
2024,June,2,2,2-2,3,Control,Bare Ground,2
2024,June,2,2,2-2,3,Control,Cynodon dactylon,0
2024,June,2,2,2-2,3,Control,Cyperus spp.,0
2024,June,2,2,2-2,3,Control,Erigeron canadensis,0
2024,June,2,2,2-2,3,Control,Indigofera hirsuta,5
2024,June,2,2,2-2,3,Control,Lactuca canadensis,0
2024,June,2,2,2-2,3,Control,Oenethra laciniata,1
2024,June,2,2,2-2,3,Control,Oxalis corniculata,0
2024,June,2,2,2-2,3,Control,Paspalum notatum,9
2024,June,2,2,2-2,3,Control,Paspalum setaceum,0
2024,June,2,2,2-2,3,Control,Richardia spp.,0
2024,June,2,2,2-2,4,Control,Androppogon virginicus,0
2024,June,2,2,2-2,4,Control,Bare Ground,0
2024,June,2,2,2-2,4,Control,Cynodon dactylon,0
2024,June,2,2,2-2,4,Control,Cyperus spp.,2
2024,June,2,2,2-2,4,Control,Erigeron canadensis,2
2024,June,2,2,2-2,4,Control,Indigofera hirsuta,3
2024,June,2,2,2-2,4,Control,Lactuca canadensis,0
2024,June,2,2,2-2,4,Control,Oenethra laciniata,1
2024,June,2,2,2-2,4,Control,Oxalis corniculata,0
2024,June,2,2,2-2,4,Control,Paspalum notatum,9
2024,June,2,2,2-2,4,Control,Paspalum setaceum,0
2024,June,2,2,2-2,4,Control,Richardia spp.,5
2024,June,2,2,2-2,5,Control,Androppogon virginicus,0
2024,June,2,2,2-2,5,Control,Bare Ground,0
2024,June,2,2,2-2,5,Control,Cynodon dactylon,0
2024,June,2,2,2-2,5,Control,Cyperus spp.,0
2024,June,2,2,2-2,5,Control,Erigeron canadensis,3
2024,June,2,2,2-2,5,Control,Indigofera hirsuta,2
2024,June,2,2,2-2,5,Control,Lactuca canadensis,0
2024,June,2,2,2-2,5,Control,Oenethra laciniata,2
2024,June,2,2,2-2,5,Control,Oxalis corniculata,0
2024,June,2,2,2-2,5,Control,Paspalum notatum,9
2024,June,2,2,2-2,5,Control,Paspalum setaceum,0
2024,June,2,2,2-2,5,Control,Richardia spp.,4
2024,June,2,2,2-2,6,Control,Androppogon virginicus,0
2024,June,2,2,2-2,6,Control,Bare Ground,0
2024,June,2,2,2-2,6,Control,Cynodon dactylon,0
2024,June,2,2,2-2,6,Control,Cyperus spp.,2
2024,June,2,2,2-2,6,Control,Erigeron canadensis,0
2024,June,2,2,2-2,6,Control,Indigofera hirsuta,0
2024,June,2,2,2-2,6,Control,Lactuca canadensis,0
2024,June,2,2,2-2,6,Control,Oenethra laciniata,1
2024,June,2,2,2-2,6,Control,Oxalis corniculata,0
2024,June,2,2,2-2,6,Control,Paspalum notatum,9
2024,June,2,2,2-2,6,Control,Paspalum setaceum,0
2024,June,2,2,2-2,6,Control,Richardia spp.,0
2024,June,2,2,2-2,7,Control,Androppogon virginicus,0
2024,June,2,2,2-2,7,Control,Bare Ground,0
2024,June,2,2,2-2,7,Control,Cynodon dactylon,0
2024,June,2,2,2-2,7,Control,Cyperus spp.,0
2024,June,2,2,2-2,7,Control,Erigeron canadensis,1
2024,June,2,2,2-2,7,Control,Indigofera hirsuta,3
2024,June,2,2,2-2,7,Control,Lactuca canadensis,0
2024,June,2,2,2-2,7,Control,Oenethra laciniata,1
2024,June,2,2,2-2,7,Control,Oxalis corniculata,1
2024,June,2,2,2-2,7,Control,Paspalum notatum,9
2024,June,2,2,2-2,7,Control,Paspalum setaceum,0
2024,June,2,2,2-2,7,Control,Richardia spp.,2
2024,June,2,2,2-2,8,Control,Androppogon virginicus,0
2024,June,2,2,2-2,8,Control,Bare Ground,0
2024,June,2,2,2-2,8,Control,Cynodon dactylon,0
2024,June,2,2,2-2,8,Control,Cyperus spp.,0
2024,June,2,2,2-2,8,Control,Erigeron canadensis,4
2024,June,2,2,2-2,8,Control,Indigofera hirsuta,5
2024,June,2,2,2-2,8,Control,Lactuca canadensis,0
2024,June,2,2,2-2,8,Control,Oenethra laciniata,1
2024,June,2,2,2-2,8,Control,Oxalis corniculata,0
2024,June,2,2,2-2,8,Control,Paspalum notatum,9
2024,June,2,2,2-2,8,Control,Paspalum setaceum,1
2024,June,2,2,2-2,8,Control,Richardia spp.,3
2024,June,2,2,2-2,9,Control,Androppogon virginicus,0
2024,June,2,2,2-2,9,Control,Bare Ground,0
2024,June,2,2,2-2,9,Control,Cynodon dactylon,0
2024,June,2,2,2-2,9,Control,Cyperus spp.,0
2024,June,2,2,2-2,9,Control,Erigeron canadensis,5
2024,June,2,2,2-2,9,Control,Indigofera hirsuta,4
2024,June,2,2,2-2,9,Control,Lactuca canadensis,0
2024,June,2,2,2-2,9,Control,Oenethra laciniata,4
2024,June,2,2,2-2,9,Control,Oxalis corniculata,0
2024,June,2,2,2-2,9,Control,Paspalum notatum,9
2024,June,2,2,2-2,9,Control,Paspalum setaceum,0
2024,June,2,2,2-2,9,Control,Richardia spp.,3
2024,June,2,2,2-2,10,Control,Androppogon virginicus,2
2024,June,2,2,2-2,10,Control,Bare Ground,0
2024,June,2,2,2-2,10,Control,Cynodon dactylon,0
2024,June,2,2,2-2,10,Control,Cyperus spp.,3
2024,June,2,2,2-2,10,Control,Erigeron canadensis,4
2024,June,2,2,2-2,10,Control,Indigofera hirsuta,0
2024,June,2,2,2-2,10,Control,Lactuca canadensis,0
2024,June,2,2,2-2,10,Control,Oenethra laciniata,4
2024,June,2,2,2-2,10,Control,Oxalis corniculata,0
2024,June,2,2,2-2,10,Control,Paspalum notatum,9
2024,June,2,2,2-2,10,Control,Paspalum setaceum,0
2024,June,2,2,2-2,10,Control,Richardia spp.,4
2024,June,2,3,2-3,1,Soil Inversion,Androppogon virginicus,0
2024,June,2,3,2-3,1,Soil Inversion,Bare Ground,0
2024,June,2,3,2-3,1,Soil Inversion,Bidens alba,2
2024,June,2,3,2-3,1,Soil Inversion,Cynodon dactylon,0
2024,June,2,3,2-3,1,Soil Inversion,Cyperus spp.,2
2024,June,2,3,2-3,1,Soil Inversion,Erigeron canadensis,4
2024,June,2,3,2-3,1,Soil Inversion,Indigofera hirsuta,0
2024,June,2,3,2-3,1,Soil Inversion,Lactuca canadensis,1
2024,June,2,3,2-3,1,Soil Inversion,Oenethra laciniata,0
2024,June,2,3,2-3,1,Soil Inversion,Oxalis corniculata,2
2024,June,2,3,2-3,1,Soil Inversion,Paspalum notatum,9
2024,June,2,3,2-3,1,Soil Inversion,Paspalum setaceum,0
2024,June,2,3,2-3,1,Soil Inversion,Richardia spp.,4
2024,June,2,3,2-3,2,Soil Inversion,Androppogon virginicus,0
2024,June,2,3,2-3,2,Soil Inversion,Bare Ground,1
2024,June,2,3,2-3,2,Soil Inversion,Cynodon dactylon,4
2024,June,2,3,2-3,2,Soil Inversion,Cyperus spp.,2
2024,June,2,3,2-3,2,Soil Inversion,Erigeron canadensis,3
2024,June,2,3,2-3,2,Soil Inversion,Indigofera hirsuta,2
2024,June,2,3,2-3,2,Soil Inversion,Lactuca canadensis,0
2024,June,2,3,2-3,2,Soil Inversion,Oenethra laciniata,2
2024,June,2,3,2-3,2,Soil Inversion,Oxalis corniculata,2
2024,June,2,3,2-3,2,Soil Inversion,Paspalum notatum,9
2024,June,2,3,2-3,2,Soil Inversion,Paspalum setaceum,2
2024,June,2,3,2-3,2,Soil Inversion,Richardia spp.,3
2024,June,2,3,2-3,3,Soil Inversion,Androppogon virginicus,0
2024,June,2,3,2-3,3,Soil Inversion,Bare Ground,1
2024,June,2,3,2-3,3,Soil Inversion,Bidens alba,0
2024,June,2,3,2-3,3,Soil Inversion,Cynodon dactylon,1
2024,June,2,3,2-3,3,Soil Inversion,Cyperus spp.,2
2024,June,2,3,2-3,3,Soil Inversion,Erigeron canadensis,5
2024,June,2,3,2-3,3,Soil Inversion,Indigofera hirsuta,1
2024,June,2,3,2-3,3,Soil Inversion,Lactuca canadensis,0
2024,June,2,3,2-3,3,Soil Inversion,Oenethra laciniata,0
2024,June,2,3,2-3,3,Soil Inversion,Oxalis corniculata,1
2024,June,2,3,2-3,3,Soil Inversion,Paspalum notatum,9
2024,June,2,3,2-3,3,Soil Inversion,Paspalum setaceum,0
2024,June,2,3,2-3,3,Soil Inversion,Richardia spp.,2
2024,June,2,3,2-3,4,Soil Inversion,Androppogon virginicus,0
2024,June,2,3,2-3,4,Soil Inversion,Bare Ground,2
2024,June,2,3,2-3,4,Soil Inversion,Cynodon dactylon,0
2024,June,2,3,2-3,4,Soil Inversion,Cyperus spp.,2
2024,June,2,3,2-3,4,Soil Inversion,Erigeron canadensis,4
2024,June,2,3,2-3,4,Soil Inversion,Indigofera hirsuta,1
2024,June,2,3,2-3,4,Soil Inversion,Lactuca canadensis,0
2024,June,2,3,2-3,4,Soil Inversion,Oenethra laciniata,5
2024,June,2,3,2-3,4,Soil Inversion,Oxalis corniculata,0
2024,June,2,3,2-3,4,Soil Inversion,Paspalum notatum,9
2024,June,2,3,2-3,4,Soil Inversion,Paspalum setaceum,0
2024,June,2,3,2-3,4,Soil Inversion,Richardia spp.,3
2024,June,2,3,2-3,5,Soil Inversion,Androppogon virginicus,0
2024,June,2,3,2-3,5,Soil Inversion,Bare Ground,0
2024,June,2,3,2-3,5,Soil Inversion,Cynodon dactylon,0
2024,June,2,3,2-3,5,Soil Inversion,Cyperus spp.,2
2024,June,2,3,2-3,5,Soil Inversion,Erigeron canadensis,4
2024,June,2,3,2-3,5,Soil Inversion,Indigofera hirsuta,0
2024,June,2,3,2-3,5,Soil Inversion,Lactuca canadensis,0
2024,June,2,3,2-3,5,Soil Inversion,Nekemias arborea,3
2024,June,2,3,2-3,5,Soil Inversion,Oenethra laciniata,2
2024,June,2,3,2-3,5,Soil Inversion,Oxalis corniculata,0
2024,June,2,3,2-3,5,Soil Inversion,Paspalum notatum,9
2024,June,2,3,2-3,5,Soil Inversion,Paspalum setaceum,0
2024,June,2,3,2-3,5,Soil Inversion,Richardia spp.,3
2024,June,2,3,2-3,6,Soil Inversion,Androppogon virginicus,0
2024,June,2,3,2-3,6,Soil Inversion,Bare Ground,2
2024,June,2,3,2-3,6,Soil Inversion,Bidens alba,4
2024,June,2,3,2-3,6,Soil Inversion,Cynodon dactylon,4
2024,June,2,3,2-3,6,Soil Inversion,Cyperus spp.,2
2024,June,2,3,2-3,6,Soil Inversion,Erigeron canadensis,3
2024,June,2,3,2-3,6,Soil Inversion,Indigofera hirsuta,0
2024,June,2,3,2-3,6,Soil Inversion,Lactuca canadensis,0
2024,June,2,3,2-3,6,Soil Inversion,Oenethra laciniata,2
2024,June,2,3,2-3,6,Soil Inversion,Oxalis corniculata,2
2024,June,2,3,2-3,6,Soil Inversion,Paspalum notatum,9
2024,June,2,3,2-3,6,Soil Inversion,Paspalum setaceum,0
2024,June,2,3,2-3,6,Soil Inversion,Richardia spp.,0
2024,June,2,3,2-3,7,Soil Inversion,Androppogon virginicus,0
2024,June,2,3,2-3,7,Soil Inversion,Bare Ground,2
2024,June,2,3,2-3,7,Soil Inversion,Bidens alba,5
2024,June,2,3,2-3,7,Soil Inversion,Cynodon dactylon,4
2024,June,2,3,2-3,7,Soil Inversion,Cyperus spp.,2
2024,June,2,3,2-3,7,Soil Inversion,Erigeron canadensis,1
2024,June,2,3,2-3,7,Soil Inversion,Indigofera hirsuta,1
2024,June,2,3,2-3,7,Soil Inversion,Lactuca canadensis,0
2024,June,2,3,2-3,7,Soil Inversion,Nekemias arborea,4
2024,June,2,3,2-3,7,Soil Inversion,Oenethra laciniata,4
2024,June,2,3,2-3,7,Soil Inversion,Oxalis corniculata,2
2024,June,2,3,2-3,7,Soil Inversion,Paspalum notatum,9
2024,June,2,3,2-3,7,Soil Inversion,Paspalum setaceum,0
2024,June,2,3,2-3,7,Soil Inversion,Richardia spp.,0
2024,June,2,3,2-3,8,Soil Inversion,Androppogon virginicus,0
2024,June,2,3,2-3,8,Soil Inversion,Bare Ground,2
2024,June,2,3,2-3,8,Soil Inversion,Bidens alba,4
2024,June,2,3,2-3,8,Soil Inversion,Cynodon dactylon,5
2024,June,2,3,2-3,8,Soil Inversion,Cyperus spp.,0
2024,June,2,3,2-3,8,Soil Inversion,Erigeron canadensis,5
2024,June,2,3,2-3,8,Soil Inversion,Indigofera hirsuta,1
2024,June,2,3,2-3,8,Soil Inversion,Lactuca canadensis,0
2024,June,2,3,2-3,8,Soil Inversion,Oenethra laciniata,2
2024,June,2,3,2-3,8,Soil Inversion,Oxalis corniculata,0
2024,June,2,3,2-3,8,Soil Inversion,Paspalum notatum,9
2024,June,2,3,2-3,8,Soil Inversion,Paspalum setaceum,0
2024,June,2,3,2-3,8,Soil Inversion,Polypremum procumbers,4
2024,June,2,3,2-3,8,Soil Inversion,Richardia spp.,0
2024,June,2,3,2-3,9,Soil Inversion,Androppogon virginicus,0
2024,June,2,3,2-3,9,Soil Inversion,Bare Ground,0
2024,June,2,3,2-3,9,Soil Inversion,Bidens alba,5
2024,June,2,3,2-3,9,Soil Inversion,Cynodon dactylon,3
2024,June,2,3,2-3,9,Soil Inversion,Cyperus spp.,2
2024,June,2,3,2-3,9,Soil Inversion,Erigeron canadensis,0
2024,June,2,3,2-3,9,Soil Inversion,Indigofera hirsuta,0
2024,June,2,3,2-3,9,Soil Inversion,Lactuca canadensis,0
2024,June,2,3,2-3,9,Soil Inversion,Oenethra laciniata,4
2024,June,2,3,2-3,9,Soil Inversion,Oxalis corniculata,2
2024,June,2,3,2-3,9,Soil Inversion,Paspalum notatum,9
2024,June,2,3,2-3,9,Soil Inversion,Paspalum setaceum,0
2024,June,2,3,2-3,9,Soil Inversion,Richardia spp.,4
2024,June,2,3,2-3,10,Soil Inversion,Androppogon virginicus,0
2024,June,2,3,2-3,10,Soil Inversion,Bare Ground,3
2024,June,2,3,2-3,10,Soil Inversion,Bidens alba,4
2024,June,2,3,2-3,10,Soil Inversion,Cynodon dactylon,4
2024,June,2,3,2-3,10,Soil Inversion,Cyperus spp.,2
2024,June,2,3,2-3,10,Soil Inversion,Erigeron canadensis,5
2024,June,2,3,2-3,10,Soil Inversion,Indigofera hirsuta,2
2024,June,2,3,2-3,10,Soil Inversion,Lactuca canadensis,0
2024,June,2,3,2-3,10,Soil Inversion,Oenethra laciniata,2
2024,June,2,3,2-3,10,Soil Inversion,Oxalis corniculata,0
2024,June,2,3,2-3,10,Soil Inversion,Paspalum notatum,9
2024,June,2,3,2-3,10,Soil Inversion,Paspalum setaceum,0
2024,June,2,3,2-3,10,Soil Inversion,Richardia spp.,5
2024,June,2,4,2-4,1,Preemergent,Ageratum spp.,2
2024,June,2,4,2-4,1,Preemergent,Androppogon virginicus,4
2024,June,2,4,2-4,1,Preemergent,Bare Ground,0
2024,June,2,4,2-4,1,Preemergent,Cynodon dactylon,4
2024,June,2,4,2-4,1,Preemergent,Cyperus spp.,0
2024,June,2,4,2-4,1,Preemergent,Erigeron canadensis,4
2024,June,2,4,2-4,1,Preemergent,Indigofera hirsuta,4
2024,June,2,4,2-4,1,Preemergent,Lactuca canadensis,0
2024,June,2,4,2-4,1,Preemergent,Oenethra laciniata,1
2024,June,2,4,2-4,1,Preemergent,Oxalis corniculata,2
2024,June,2,4,2-4,1,Preemergent,Paspalum notatum,9
2024,June,2,4,2-4,1,Preemergent,Paspalum setaceum,0
2024,June,2,4,2-4,1,Preemergent,Richardia spp.,1
2024,June,2,4,2-4,2,Preemergent,Ageratum spp.,3
2024,June,2,4,2-4,2,Preemergent,Androppogon virginicus,4
2024,June,2,4,2-4,2,Preemergent,Bare Ground,0
2024,June,2,4,2-4,2,Preemergent,Cynodon dactylon,4
2024,June,2,4,2-4,2,Preemergent,Cyperus spp.,0
2024,June,2,4,2-4,2,Preemergent,Erigeron canadensis,3
2024,June,2,4,2-4,2,Preemergent,Indigofera hirsuta,4
2024,June,2,4,2-4,2,Preemergent,Lactuca canadensis,0
2024,June,2,4,2-4,2,Preemergent,Oenethra laciniata,2
2024,June,2,4,2-4,2,Preemergent,Oxalis corniculata,0
2024,June,2,4,2-4,2,Preemergent,Paspalum notatum,9
2024,June,2,4,2-4,2,Preemergent,Paspalum setaceum,0
2024,June,2,4,2-4,2,Preemergent,Richardia spp.,3
2024,June,2,4,2-4,3,Preemergent,Androppogon virginicus,0
2024,June,2,4,2-4,3,Preemergent,Bare Ground,0
2024,June,2,4,2-4,3,Preemergent,Cynodon dactylon,4
2024,June,2,4,2-4,3,Preemergent,Cyperus spp.,2
2024,June,2,4,2-4,3,Preemergent,Erigeron canadensis,2
2024,June,2,4,2-4,3,Preemergent,Indigofera hirsuta,4
2024,June,2,4,2-4,3,Preemergent,Lactuca canadensis,0
2024,June,2,4,2-4,3,Preemergent,Oenethra laciniata,1
2024,June,2,4,2-4,3,Preemergent,Oxalis corniculata,0
2024,June,2,4,2-4,3,Preemergent,Paspalum notatum,9
2024,June,2,4,2-4,3,Preemergent,Paspalum setaceum,0
2024,June,2,4,2-4,3,Preemergent,Richardia spp.,2
2024,June,2,4,2-4,4,Preemergent,Ageratum spp.,3
2024,June,2,4,2-4,4,Preemergent,Androppogon virginicus,0
2024,June,2,4,2-4,4,Preemergent,Bare Ground,1
2024,June,2,4,2-4,4,Preemergent,Cynodon dactylon,2
2024,June,2,4,2-4,4,Preemergent,Cyperus spp.,2
2024,June,2,4,2-4,4,Preemergent,Erigeron canadensis,3
,June,2,4,2-4,4,Preemergent,Erigeron quercifolius,2
2024,June,2,4,2-4,4,Preemergent,Indigofera hirsuta,3
2024,June,2,4,2-4,4,Preemergent,Lactuca canadensis,0
2024,June,2,4,2-4,4,Preemergent,Oenethra laciniata,1
2024,June,2,4,2-4,4,Preemergent,Oxalis corniculata,2
2024,June,2,4,2-4,4,Preemergent,Paspalum notatum,9
2024,June,2,4,2-4,4,Preemergent,Paspalum setaceum,2
2024,June,2,4,2-4,4,Preemergent,Richardia spp.,3
2024,June,2,4,2-4,5,Preemergent,Ageratum spp.,4
2024,June,2,4,2-4,5,Preemergent,Androppogon virginicus,4
2024,June,2,4,2-4,5,Preemergent,Bare Ground,0
2024,June,2,4,2-4,5,Preemergent,Cynodon dactylon,3
2024,June,2,4,2-4,5,Preemergent,Cyperus spp.,2
2024,June,2,4,2-4,5,Preemergent,Erigeron canadensis,4
2024,June,2,4,2-4,5,Preemergent,Indigofera hirsuta,4
2024,June,2,4,2-4,5,Preemergent,Lactuca canadensis,0
2024,June,2,4,2-4,5,Preemergent,Oenethra laciniata,0
2024,June,2,4,2-4,5,Preemergent,Oxalis corniculata,0
2024,June,2,4,2-4,5,Preemergent,Paspalum notatum,9
2024,June,2,4,2-4,5,Preemergent,Paspalum setaceum,0
2024,June,2,4,2-4,5,Preemergent,Richardia spp.,1
2024,June,2,4,2-4,6,Preemergent,Ageratum spp.,3
2024,June,2,4,2-4,6,Preemergent,Androppogon virginicus,0
2024,June,2,4,2-4,6,Preemergent,Bare Ground,0
2024,June,2,4,2-4,6,Preemergent,Cynodon dactylon,3
2024,June,2,4,2-4,6,Preemergent,Cyperus spp.,2
2024,June,2,4,2-4,6,Preemergent,Erigeron canadensis,2
2024,June,2,4,2-4,6,Preemergent,Indigofera hirsuta,5
2024,June,2,4,2-4,6,Preemergent,Lactuca canadensis,0
2024,June,2,4,2-4,6,Preemergent,Oenethra laciniata,0
2024,June,2,4,2-4,6,Preemergent,Oxalis corniculata,2
2024,June,2,4,2-4,6,Preemergent,Paspalum notatum,9
2024,June,2,4,2-4,6,Preemergent,Paspalum setaceum,2
2024,June,2,4,2-4,6,Preemergent,Richardia spp.,2
2024,June,2,4,2-4,7,Preemergent,Ageratum spp.,3
2024,June,2,4,2-4,7,Preemergent,Androppogon virginicus,2
2024,June,2,4,2-4,7,Preemergent,Bare Ground,2
2024,June,2,4,2-4,7,Preemergent,Cynodon dactylon,2
2024,June,2,4,2-4,7,Preemergent,Cyperus spp.,2
2024,June,2,4,2-4,7,Preemergent,Erigeron canadensis,1
2024,June,2,4,2-4,7,Preemergent,Indigofera hirsuta,4
2024,June,2,4,2-4,7,Preemergent,Lactuca canadensis,0
2024,June,2,4,2-4,7,Preemergent,Oenethra laciniata,0
2024,June,2,4,2-4,7,Preemergent,Oxalis corniculata,0
2024,June,2,4,2-4,7,Preemergent,Paspalum notatum,9
2024,June,2,4,2-4,7,Preemergent,Paspalum setaceum,2
2024,June,2,4,2-4,7,Preemergent,Richardia spp.,3
2024,June,2,4,2-4,8,Preemergent,Ageratum spp.,3
2024,June,2,4,2-4,8,Preemergent,Androppogon virginicus,0
2024,June,2,4,2-4,8,Preemergent,Bare Ground,0
2024,June,2,4,2-4,8,Preemergent,Cynodon dactylon,0
2024,June,2,4,2-4,8,Preemergent,Cyperus spp.,0
2024,June,2,4,2-4,8,Preemergent,Erigeron canadensis,2
2024,June,2,4,2-4,8,Preemergent,Indigofera hirsuta,0
2024,June,2,4,2-4,8,Preemergent,Lactuca canadensis,0
2024,June,2,4,2-4,8,Preemergent,Oenethra laciniata,0
2024,June,2,4,2-4,8,Preemergent,Oxalis corniculata,0
2024,June,2,4,2-4,8,Preemergent,Paspalum notatum,9
2024,June,2,4,2-4,8,Preemergent,Paspalum setaceum,0
2024,June,2,4,2-4,8,Preemergent,Richardia spp.,4
2024,June,2,4,2-4,9,Preemergent,Androppogon virginicus,0
2024,June,2,4,2-4,9,Preemergent,Bare Ground,3
2024,June,2,4,2-4,9,Preemergent,Cynodon dactylon,3
2024,June,2,4,2-4,9,Preemergent,Cyperus spp.,2
2024,June,2,4,2-4,9,Preemergent,Erigeron canadensis,0
2024,June,2,4,2-4,9,Preemergent,Indigofera hirsuta,4
2024,June,2,4,2-4,9,Preemergent,Lactuca canadensis,0
2024,June,2,4,2-4,9,Preemergent,Oenethra laciniata,0
2024,June,2,4,2-4,9,Preemergent,Oxalis corniculata,0
2024,June,2,4,2-4,9,Preemergent,Paspalum notatum,9
2024,June,2,4,2-4,9,Preemergent,Paspalum setaceum,0
2024,June,2,4,2-4,9,Preemergent,Richardia spp.,0
2024,June,2,4,2-4,10,Preemergent,Androppogon virginicus,0
2024,June,2,4,2-4,10,Preemergent,Bare Ground,0
2024,June,2,4,2-4,10,Preemergent,Bidens alba,0
2024,June,2,4,2-4,10,Preemergent,Cynodon dactylon,4
2024,June,2,4,2-4,10,Preemergent,Cyperus spp.,0
2024,June,2,4,2-4,10,Preemergent,Erigeron canadensis,3
2024,June,2,4,2-4,10,Preemergent,Indigofera hirsuta,2
2024,June,2,4,2-4,10,Preemergent,Lactuca canadensis,0
2024,June,2,4,2-4,10,Preemergent,Oenethra laciniata,0
2024,June,2,4,2-4,10,Preemergent,Oxalis corniculata,2
2024,June,2,4,2-4,10,Preemergent,Paspalum notatum,9
2024,June,2,4,2-4,10,Preemergent,Paspalum setaceum,2
2024,June,2,4,2-4,10,Preemergent,Richardia spp.,4
2024,June,2,5,2-5,1,Preemergent,Androppogon virginicus,0
2024,June,2,5,2-5,1,Preemergent,Bare Ground,0
2024,June,2,5,2-5,1,Preemergent,Bidens alba,3
2024,June,2,5,2-5,1,Preemergent,Cynodon dactylon,4
2024,June,2,5,2-5,1,Preemergent,Cyperus spp.,2
2024,June,2,5,2-5,1,Preemergent,Erigeron canadensis,1
2024,June,2,5,2-5,1,Preemergent,Indigofera hirsuta,2
2024,June,2,5,2-5,1,Preemergent,Lactuca canadensis,0
2024,June,2,5,2-5,1,Preemergent,Oenethra laciniata,3
2024,June,2,5,2-5,1,Preemergent,Oxalis corniculata,2
2024,June,2,5,2-5,1,Preemergent,Paspalum notatum,9
2024,June,2,5,2-5,1,Preemergent,Paspalum setaceum,3
2024,June,2,5,2-5,1,Preemergent,Richardia spp.,2
2024,June,2,5,2-5,2,Preemergent,Androppogon virginicus,0
2024,June,2,5,2-5,2,Preemergent,Bare Ground,0
2024,June,2,5,2-5,2,Preemergent,Bidens alba,0
2024,June,2,5,2-5,2,Preemergent,Cynodon dactylon,3
2024,June,2,5,2-5,2,Preemergent,Cyperus spp.,2
2024,June,2,5,2-5,2,Preemergent,Erigeron canadensis,0
2024,June,2,5,2-5,2,Preemergent,Indigofera hirsuta,4
2024,June,2,5,2-5,2,Preemergent,Lactuca canadensis,0
2024,June,2,5,2-5,2,Preemergent,Oenethra laciniata,2
2024,June,2,5,2-5,2,Preemergent,Oxalis corniculata,0
2024,June,2,5,2-5,2,Preemergent,Paspalum notatum,9
2024,June,2,5,2-5,2,Preemergent,Paspalum setaceum,0
2024,June,2,5,2-5,2,Preemergent,Richardia spp.,0
2024,June,2,5,2-5,3,Preemergent,Ageratum spp.,4
2024,June,2,5,2-5,3,Preemergent,Androppogon virginicus,0
2024,June,2,5,2-5,3,Preemergent,Bare Ground,0
2024,June,2,5,2-5,3,Preemergent,Cynodon dactylon,2
2024,June,2,5,2-5,3,Preemergent,Cyperus spp.,0
2024,June,2,5,2-5,3,Preemergent,Erigeron canadensis,4
2024,June,2,5,2-5,3,Preemergent,Indigofera hirsuta,5
2024,June,2,5,2-5,3,Preemergent,Lactuca canadensis,0
2024,June,2,5,2-5,3,Preemergent,Oenethra laciniata,3
2024,June,2,5,2-5,3,Preemergent,Oxalis corniculata,0
2024,June,2,5,2-5,3,Preemergent,Paspalum notatum,9
2024,June,2,5,2-5,3,Preemergent,Paspalum setaceum,0
2024,June,2,5,2-5,3,Preemergent,Richardia spp.,0
2024,June,2,5,2-5,4,Preemergent,Androppogon virginicus,0
2024,June,2,5,2-5,4,Preemergent,Bare Ground,0
2024,June,2,5,2-5,4,Preemergent,Bidens alba,0
2024,June,2,5,2-5,4,Preemergent,Cynodon dactylon,3
2024,June,2,5,2-5,4,Preemergent,Cyperus spp.,2
2024,June,2,5,2-5,4,Preemergent,Erigeron canadensis,1
2024,June,2,5,2-5,4,Preemergent,Indigofera hirsuta,4
2024,June,2,5,2-5,4,Preemergent,Lactuca canadensis,0
2024,June,2,5,2-5,4,Preemergent,Oenethra laciniata,1
2024,June,2,5,2-5,4,Preemergent,Oxalis corniculata,0
2024,June,2,5,2-5,4,Preemergent,Paspalum notatum,9
2024,June,2,5,2-5,4,Preemergent,Paspalum setaceum,0
2024,June,2,5,2-5,4,Preemergent,Richardia spp.,0
2024,June,2,5,2-5,5,Preemergent,Androppogon virginicus,0
2024,June,2,5,2-5,5,Preemergent,Bare Ground,0
2024,June,2,5,2-5,5,Preemergent,Cynodon dactylon,3
2024,June,2,5,2-5,5,Preemergent,Cyperus spp.,2
2024,June,2,5,2-5,5,Preemergent,Erigeron canadensis,3
2024,June,2,5,2-5,5,Preemergent,Erigeron quercifolius,2
2024,June,2,5,2-5,5,Preemergent,Indigofera hirsuta,5
2024,June,2,5,2-5,5,Preemergent,Lactuca canadensis,0
2024,June,2,5,2-5,5,Preemergent,Oenethra laciniata,2
2024,June,2,5,2-5,5,Preemergent,Oxalis corniculata,0
2024,June,2,5,2-5,5,Preemergent,Paspalum notatum,9
2024,June,2,5,2-5,5,Preemergent,Paspalum setaceum,0
2024,June,2,5,2-5,5,Preemergent,Richardia spp.,0
2024,June,2,5,2-5,6,Preemergent,Androppogon virginicus,0
2024,June,2,5,2-5,6,Preemergent,Bare Ground,0
2024,June,2,5,2-5,6,Preemergent,Bidens alba,0
2024,June,2,5,2-5,6,Preemergent,Cynodon dactylon,0
2024,June,2,5,2-5,6,Preemergent,Cyperus spp.,0
2024,June,2,5,2-5,6,Preemergent,Erigeron canadensis,2
2024,June,2,5,2-5,6,Preemergent,Indigofera hirsuta,0
2024,June,2,5,2-5,6,Preemergent,Lactuca canadensis,0
2024,June,2,5,2-5,6,Preemergent,Oenethra laciniata,0
2024,June,2,5,2-5,6,Preemergent,Oxalis corniculata,0
2024,June,2,5,2-5,6,Preemergent,Paspalum notatum,9
2024,June,2,5,2-5,6,Preemergent,Paspalum setaceum,0
2024,June,2,5,2-5,6,Preemergent,Richardia spp.,0
2024,June,2,5,2-5,7,Preemergent,Androppogon virginicus,0
2024,June,2,5,2-5,7,Preemergent,Bare Ground,0
2024,June,2,5,2-5,7,Preemergent,Cynodon dactylon,3
2024,June,2,5,2-5,7,Preemergent,Cyperus spp.,2
2024,June,2,5,2-5,7,Preemergent,Erigeron canadensis,0
2024,June,2,5,2-5,7,Preemergent,Erigeron quercifolius,4
2024,June,2,5,2-5,7,Preemergent,Indigofera hirsuta,4
2024,June,2,5,2-5,7,Preemergent,Lactuca canadensis,0
2024,June,2,5,2-5,7,Preemergent,Oenethra laciniata,1
2024,June,2,5,2-5,7,Preemergent,Oxalis corniculata,2
2024,June,2,5,2-5,7,Preemergent,Paspalum notatum,9
2024,June,2,5,2-5,7,Preemergent,Paspalum setaceum,0
2024,June,2,5,2-5,7,Preemergent,Richardia spp.,0
2024,June,2,5,2-5,8,Preemergent,Androppogon virginicus,0
2024,June,2,5,2-5,8,Preemergent,Bare Ground,0
2024,June,2,5,2-5,8,Preemergent,Bidens alba,0
2024,June,2,5,2-5,8,Preemergent,Cynodon dactylon,0
2024,June,2,5,2-5,8,Preemergent,Cyperus spp.,0
2024,June,2,5,2-5,8,Preemergent,Erigeron canadensis,5
2024,June,2,5,2-5,8,Preemergent,Indigofera hirsuta,0
2024,June,2,5,2-5,8,Preemergent,Lactuca canadensis,0
2024,June,2,5,2-5,8,Preemergent,Oenethra laciniata,3
2024,June,2,5,2-5,8,Preemergent,Oxalis corniculata,0
2024,June,2,5,2-5,8,Preemergent,Paspalum notatum,9
2024,June,2,5,2-5,8,Preemergent,Paspalum setaceum,0
2024,June,2,5,2-5,8,Preemergent,Richardia spp.,4
2024,June,2,5,2-5,9,Preemergent,Androppogon virginicus,0
2024,June,2,5,2-5,9,Preemergent,Bare Ground,0
2024,June,2,5,2-5,9,Preemergent,Cynodon dactylon,4
2024,June,2,5,2-5,9,Preemergent,Cyperus spp.,2
2024,June,2,5,2-5,9,Preemergent,Erigeron canadensis,2
2024,June,2,5,2-5,9,Preemergent,Indigofera hirsuta,2
2024,June,2,5,2-5,9,Preemergent,Lactuca canadensis,0
2024,June,2,5,2-5,9,Preemergent,Oenethra laciniata,1
2024,June,2,5,2-5,9,Preemergent,Oxalis corniculata,2
2024,June,2,5,2-5,9,Preemergent,Paspalum notatum,9
2024,June,2,5,2-5,9,Preemergent,Paspalum setaceum,0
2024,June,2,5,2-5,9,Preemergent,Richardia spp.,1
2024,June,2,5,2-5,10,Preemergent,Androppogon virginicus,0
2024,June,2,5,2-5,10,Preemergent,Bare Ground,0
2024,June,2,5,2-5,10,Preemergent,Cynodon dactylon,3
2024,June,2,5,2-5,10,Preemergent,Cyperus spp.,2
2024,June,2,5,2-5,10,Preemergent,Erigeron canadensis,4
2024,June,2,5,2-5,10,Preemergent,Indigofera hirsuta,0
2024,June,2,5,2-5,10,Preemergent,Lactuca canadensis,1
2024,June,2,5,2-5,10,Preemergent,Oenethra laciniata,3
2024,June,2,5,2-5,10,Preemergent,Oxalis corniculata,2
2024,June,2,5,2-5,10,Preemergent,Paspalum notatum,9
2024,June,2,5,2-5,10,Preemergent,Paspalum setaceum,2
2024,June,2,5,2-5,10,Preemergent,Richardia spp.,3
2024,June,2,6,2-6,1,Fill,Androppogon virginicus,0
2024,June,2,6,2-6,1,Fill,Bare Ground,2
2024,June,2,6,2-6,1,Fill,Cynodon dactylon,2
2024,June,2,6,2-6,1,Fill,Cyperus spp.,0
2024,June,2,6,2-6,1,Fill,Erigeron canadensis,0
2024,June,2,6,2-6,1,Fill,Erigeron quercifolius,3
2024,June,2,6,2-6,1,Fill,Indigofera hirsuta,2
2024,June,2,6,2-6,1,Fill,Lactuca canadensis,0
2024,June,2,6,2-6,1,Fill,Oenethra laciniata,1
2024,June,2,6,2-6,1,Fill,Oxalis corniculata,0
2024,June,2,6,2-6,1,Fill,Paspalum notatum,9
2024,June,2,6,2-6,1,Fill,Paspalum setaceum,2
2024,June,2,6,2-6,1,Fill,Richardia spp.,2
2024,June,2,6,2-6,2,Fill,Androppogon virginicus,0
2024,June,2,6,2-6,2,Fill,Bare Ground,0
2024,June,2,6,2-6,2,Fill,Cynodon dactylon,4
2024,June,2,6,2-6,2,Fill,Cyperus spp.,0
2024,June,2,6,2-6,2,Fill,Erigeron canadensis,1
2024,June,2,6,2-6,2,Fill,Erigeron quercifolius,3
2024,June,2,6,2-6,2,Fill,Indigofera hirsuta,0
2024,June,2,6,2-6,2,Fill,Lactuca canadensis,0
2024,June,2,6,2-6,2,Fill,Oenethra laciniata,1
2024,June,2,6,2-6,2,Fill,Oxalis corniculata,2
2024,June,2,6,2-6,2,Fill,Paspalum notatum,9
2024,June,2,6,2-6,2,Fill,Paspalum setaceum,0
2024,June,2,6,2-6,2,Fill,Richardia spp.,5
2024,June,2,6,2-6,3,Fill,Androppogon virginicus,0
2024,June,2,6,2-6,3,Fill,Bare Ground,1
2024,June,2,6,2-6,3,Fill,Cynodon dactylon,4
2024,June,2,6,2-6,3,Fill,Cyperus spp.,2
2024,June,2,6,2-6,3,Fill,Erigeron canadensis,1
2024,June,2,6,2-6,3,Fill,Indigofera hirsuta,0
2024,June,2,6,2-6,3,Fill,Lactuca canadensis,0
2024,June,2,6,2-6,3,Fill,Oenethra laciniata,1
2024,June,2,6,2-6,3,Fill,Oxalis corniculata,2
2024,June,2,6,2-6,3,Fill,Paspalum notatum,9
2024,June,2,6,2-6,3,Fill,Paspalum setaceum,0
2024,June,2,6,2-6,3,Fill,Richardia spp.,1
2024,June,2,6,2-6,3,Fill,Solanum spp.,1
2024,June,2,6,2-6,4,Fill,Androppogon virginicus,0
2024,June,2,6,2-6,4,Fill,Bare Ground,3
2024,June,2,6,2-6,4,Fill,Cynodon dactylon,3
2024,June,2,6,2-6,4,Fill,Cyperus spp.,2
2024,June,2,6,2-6,4,Fill,Erigeron canadensis,1
2024,June,2,6,2-6,4,Fill,Indigofera hirsuta,0
2024,June,2,6,2-6,4,Fill,Lactuca canadensis,0
2024,June,2,6,2-6,4,Fill,Oenethra laciniata,1
2024,June,2,6,2-6,4,Fill,Oxalis corniculata,0
2024,June,2,6,2-6,4,Fill,Paspalum notatum,9
2024,June,2,6,2-6,4,Fill,Paspalum setaceum,0
2024,June,2,6,2-6,4,Fill,Polypremum procumbers,4
2024,June,2,6,2-6,4,Fill,Richardia spp.,2
2024,June,2,6,2-6,5,Fill,Androppogon virginicus,0
2024,June,2,6,2-6,5,Fill,Bare Ground,0
2024,June,2,6,2-6,5,Fill,Cynodon dactylon,4
2024,June,2,6,2-6,5,Fill,Cyperus spp.,2
2024,June,2,6,2-6,5,Fill,Erigeron canadensis,4
2024,June,2,6,2-6,5,Fill,Indigofera hirsuta,0
2024,June,2,6,2-6,5,Fill,Lactuca canadensis,0
2024,June,2,6,2-6,5,Fill,Oenethra laciniata,2
2024,June,2,6,2-6,5,Fill,Oxalis corniculata,2
2024,June,2,6,2-6,5,Fill,Paspalum notatum,9
2024,June,2,6,2-6,5,Fill,Paspalum setaceum,3
2024,June,2,6,2-6,5,Fill,Polypremum procumbers,4
2024,June,2,6,2-6,5,Fill,Richardia spp.,4
2024,June,2,6,2-6,6,Fill,Androppogon virginicus,4
2024,June,2,6,2-6,6,Fill,Bare Ground,2
2024,June,2,6,2-6,6,Fill,Bidens alba,3
2024,June,2,6,2-6,6,Fill,Cynodon dactylon,4
2024,June,2,6,2-6,6,Fill,Cyperus spp.,0
2024,June,2,6,2-6,6,Fill,Erigeron canadensis,4
2024,June,2,6,2-6,6,Fill,Houstonia procumbens,2
2024,June,2,6,2-6,6,Fill,Indigofera hirsuta,1
2024,June,2,6,2-6,6,Fill,Lactuca canadensis,0
2024,June,2,6,2-6,6,Fill,Oenethra laciniata,3
2024,June,2,6,2-6,6,Fill,Oxalis corniculata,0
2024,June,2,6,2-6,6,Fill,Paspalum notatum,9
2024,June,2,6,2-6,6,Fill,Paspalum setaceum,0
2024,June,2,6,2-6,6,Fill,Richardia spp.,3
2024,June,2,6,2-6,7,Fill,Androppogon virginicus,1
2024,June,2,6,2-6,7,Fill,Bare Ground,3
2024,June,2,6,2-6,7,Fill,Bidens alba,1
2024,June,2,6,2-6,7,Fill,Cynodon dactylon,4
2024,June,2,6,2-6,7,Fill,Cyperus spp.,2
2024,June,2,6,2-6,7,Fill,Erigeron canadensis,3
2024,June,2,6,2-6,7,Fill,Houstonia procumbens,3
2024,June,2,6,2-6,7,Fill,Indigofera hirsuta,6
2024,June,2,6,2-6,7,Fill,Lactuca canadensis,0
2024,June,2,6,2-6,7,Fill,Oenethra laciniata,4
2024,June,2,6,2-6,7,Fill,Oxalis corniculata,0
2024,June,2,6,2-6,7,Fill,Paspalum notatum,9
2024,June,2,6,2-6,7,Fill,Paspalum setaceum,0
2024,June,2,6,2-6,7,Fill,Richardia spp.,2
2024,June,2,6,2-6,8,Fill,Androppogon virginicus,0
2024,June,2,6,2-6,8,Fill,Bare Ground,2
2024,June,2,6,2-6,8,Fill,Bidens alba,4
2024,June,2,6,2-6,8,Fill,Cynodon dactylon,4
2024,June,2,6,2-6,8,Fill,Cyperus spp.,2
2024,June,2,6,2-6,8,Fill,Erigeron canadensis,4
2024,June,2,6,2-6,8,Fill,Houstonia procumbens,3
2024,June,2,6,2-6,8,Fill,Indigofera hirsuta,4
2024,June,2,6,2-6,8,Fill,Lactuca canadensis,0
2024,June,2,6,2-6,8,Fill,Oenethra laciniata,4
2024,June,2,6,2-6,8,Fill,Oxalis corniculata,0
2024,June,2,6,2-6,8,Fill,Paspalum notatum,9
2024,June,2,6,2-6,8,Fill,Paspalum setaceum,0
2024,June,2,6,2-6,8,Fill,Richardia spp.,4
2024,June,2,6,2-6,9,Fill,Androppogon virginicus,3
2024,June,2,6,2-6,9,Fill,Bare Ground,3
2024,June,2,6,2-6,9,Fill,Bidens alba,3
2024,June,2,6,2-6,9,Fill,Cynodon dactylon,5
2024,June,2,6,2-6,9,Fill,Cyperus spp.,0
2024,June,2,6,2-6,9,Fill,Erigeron canadensis,0
2024,June,2,6,2-6,9,Fill,Houstonia procumbens,2
2024,June,2,6,2-6,9,Fill,Indigofera hirsuta,4
2024,June,2,6,2-6,9,Fill,Lactuca canadensis,0
2024,June,2,6,2-6,9,Fill,Oenethra laciniata,4
2024,June,2,6,2-6,9,Fill,Oxalis corniculata,0
2024,June,2,6,2-6,9,Fill,Paspalum notatum,9
2024,June,2,6,2-6,9,Fill,Paspalum setaceum,0
2024,June,2,6,2-6,9,Fill,Richardia spp.,4
2024,June,2,6,2-6,10,Fill,Androppogon virginicus,4
2024,June,2,6,2-6,10,Fill,Bare Ground,2
2024,June,2,6,2-6,10,Fill,Bidens alba,5
2024,June,2,6,2-6,10,Fill,Cynodon dactylon,3
2024,June,2,6,2-6,10,Fill,Cyperus spp.,0
2024,June,2,6,2-6,10,Fill,Erigeron canadensis,0
2024,June,2,6,2-6,10,Fill,Indigofera hirsuta,0
2024,June,2,6,2-6,10,Fill,Lactuca canadensis,0
2024,June,2,6,2-6,10,Fill,Nekemias arborea,1
2024,June,2,6,2-6,10,Fill,Oenethra laciniata,3
2024,June,2,6,2-6,10,Fill,Oxalis corniculata,0
2024,June,2,6,2-6,10,Fill,Paspalum notatum,9
2024,June,2,6,2-6,10,Fill,Paspalum setaceum,0
2024,June,2,6,2-6,10,Fill,Richardia spp.,1
2024,June,2,7,2-7,1,Control,Androppogon virginicus,0
2024,June,2,7,2-7,1,Control,Bare Ground,2
2024,June,2,7,2-7,1,Control,Bidens alba,4
2024,June,2,7,2-7,1,Control,Cynodon dactylon,0
2024,June,2,7,2-7,1,Control,Cyperus spp.,2
2024,June,2,7,2-7,1,Control,Erigeron canadensis,4
2024,June,2,7,2-7,1,Control,Houstonia procumbens,2
2024,June,2,7,2-7,1,Control,Indigofera hirsuta,4
2024,June,2,7,2-7,1,Control,Lactuca canadensis,0
2024,June,2,7,2-7,1,Control,Oenethra laciniata,0
2024,June,2,7,2-7,1,Control,Oxalis corniculata,0
2024,June,2,7,2-7,1,Control,Paspalum notatum,9
2024,June,2,7,2-7,1,Control,Paspalum setaceum,3
2024,June,2,7,2-7,1,Control,Polypremum procumbers,4
2024,June,2,7,2-7,1,Control,Richardia spp.,0
2024,June,2,7,2-7,2,Control,Androppogon virginicus,0
2024,June,2,7,2-7,2,Control,Bare Ground,2
2024,June,2,7,2-7,2,Control,Bidens alba,0
2024,June,2,7,2-7,2,Control,Cynodon dactylon,4
2024,June,2,7,2-7,2,Control,Cyperus spp.,0
2024,June,2,7,2-7,2,Control,Erigeron canadensis,2
2024,June,2,7,2-7,2,Control,Houstonia procumbens,3
2024,June,2,7,2-7,2,Control,Indigofera hirsuta,0
2024,June,2,7,2-7,2,Control,Lactuca canadensis,0
2024,June,2,7,2-7,2,Control,Oenethra laciniata,0
2024,June,2,7,2-7,2,Control,Oxalis corniculata,0
2024,June,2,7,2-7,2,Control,Paspalum notatum,9
2024,June,2,7,2-7,2,Control,Paspalum setaceum,0
2024,June,2,7,2-7,2,Control,Polypremum procumbers,5
2024,June,2,7,2-7,2,Control,Richardia spp.,0
2024,June,2,7,2-7,3,Control,Ageratum spp.,4
2024,June,2,7,2-7,3,Control,Androppogon virginicus,0
2024,June,2,7,2-7,3,Control,Bare Ground,0
2024,June,2,7,2-7,3,Control,Cynodon dactylon,2
2024,June,2,7,2-7,3,Control,Cyperus spp.,0
2024,June,2,7,2-7,3,Control,Erigeron canadensis,5
2024,June,2,7,2-7,3,Control,Houstonia procumbens,2
2024,June,2,7,2-7,3,Control,Indigofera hirsuta,0
2024,June,2,7,2-7,3,Control,Lactuca canadensis,0
2024,June,2,7,2-7,3,Control,Oenethra laciniata,1
2024,June,2,7,2-7,3,Control,Oxalis corniculata,0
2024,June,2,7,2-7,3,Control,Paspalum notatum,9
2024,June,2,7,2-7,3,Control,Paspalum setaceum,0
2024,June,2,7,2-7,3,Control,Richardia spp.,5
2024,June,2,7,2-7,4,Control,Ageratum spp.,5
2024,June,2,7,2-7,4,Control,Androppogon virginicus,0
2024,June,2,7,2-7,4,Control,Bare Ground,0
2024,June,2,7,2-7,4,Control,Cynodon dactylon,2
2024,June,2,7,2-7,4,Control,Cyperus spp.,0
2024,June,2,7,2-7,4,Control,Erigeron canadensis,5
2024,June,2,7,2-7,4,Control,Houstonia procumbens,1
2024,June,2,7,2-7,4,Control,Indigofera hirsuta,0
2024,June,2,7,2-7,4,Control,Lactuca canadensis,0
2024,June,2,7,2-7,4,Control,Oenethra laciniata,2
2024,June,2,7,2-7,4,Control,Oxalis corniculata,0
2024,June,2,7,2-7,4,Control,Paspalum notatum,9
2024,June,2,7,2-7,4,Control,Paspalum setaceum,0
2024,June,2,7,2-7,4,Control,Richardia spp.,0
2024,June,2,7,2-7,5,Control,Androppogon virginicus,0
2024,June,2,7,2-7,5,Control,Bare Ground,2
2024,June,2,7,2-7,5,Control,Bidens alba,0
2024,June,2,7,2-7,5,Control,Cynodon dactylon,2
2024,June,2,7,2-7,5,Control,Cyperus spp.,0
2024,June,2,7,2-7,5,Control,Erigeron canadensis,0
2024,June,2,7,2-7,5,Control,Indigofera hirsuta,2
2024,June,2,7,2-7,5,Control,Lactuca canadensis,0
2024,June,2,7,2-7,5,Control,Oenethra laciniata,0
2024,June,2,7,2-7,5,Control,Oxalis corniculata,2
2024,June,2,7,2-7,5,Control,Paspalum notatum,9
2024,June,2,7,2-7,5,Control,Paspalum setaceum,0
2024,June,2,7,2-7,5,Control,Richardia spp.,2
2024,June,2,7,2-7,6,Control,Ageratum spp.,4
2024,June,2,7,2-7,6,Control,Androppogon virginicus,0
2024,June,2,7,2-7,6,Control,Bare Ground,0
2024,June,2,7,2-7,6,Control,Cynodon dactylon,4
2024,June,2,7,2-7,6,Control,Cyperus spp.,0
2024,June,2,7,2-7,6,Control,Erigeron canadensis,4
2024,June,2,7,2-7,6,Control,Indigofera hirsuta,4
2024,June,2,7,2-7,6,Control,Lactuca canadensis,1
2024,June,2,7,2-7,6,Control,Oenethra laciniata,2
2024,June,2,7,2-7,6,Control,Oxalis corniculata,0
2024,June,2,7,2-7,6,Control,Paspalum notatum,9
2024,June,2,7,2-7,6,Control,Paspalum setaceum,0
2024,June,2,7,2-7,6,Control,Richardia spp.,4
2024,June,2,7,2-7,7,Control,Androppogon virginicus,0
2024,June,2,7,2-7,7,Control,Bare Ground,0
2024,June,2,7,2-7,7,Control,Bidens alba,0
2024,June,2,7,2-7,7,Control,Cynodon dactylon,4
2024,June,2,7,2-7,7,Control,Cyperus spp.,2
2024,June,2,7,2-7,7,Control,Erigeron canadensis,1
2024,June,2,7,2-7,7,Control,Indigofera hirsuta,4
2024,June,2,7,2-7,7,Control,Lactuca canadensis,0
2024,June,2,7,2-7,7,Control,Oenethra laciniata,1
2024,June,2,7,2-7,7,Control,Oxalis corniculata,2
2024,June,2,7,2-7,7,Control,Paspalum notatum,9
2024,June,2,7,2-7,7,Control,Paspalum setaceum,0
2024,June,2,7,2-7,7,Control,Richardia spp.,2
2024,June,2,7,2-7,8,Control,Ageratum spp.,4
2024,June,2,7,2-7,8,Control,Androppogon virginicus,0
2024,June,2,7,2-7,8,Control,Bare Ground,0
2024,June,2,7,2-7,8,Control,Cynodon dactylon,4
2024,June,2,7,2-7,8,Control,Cyperus spp.,2
2024,June,2,7,2-7,8,Control,Erigeron canadensis,1
2024,June,2,7,2-7,8,Control,Indigofera hirsuta,4
2024,June,2,7,2-7,8,Control,Lactuca canadensis,0
2024,June,2,7,2-7,8,Control,Oenethra laciniata,4
2024,June,2,7,2-7,8,Control,Oxalis corniculata,2
2024,June,2,7,2-7,8,Control,Paspalum notatum,9
2024,June,2,7,2-7,8,Control,Paspalum setaceum,0
2024,June,2,7,2-7,8,Control,Richardia spp.,2
2024,June,2,7,2-7,9,Control,Androppogon virginicus,0
2024,June,2,7,2-7,9,Control,Bare Ground,0
2024,June,2,7,2-7,9,Control,Bidens alba,0
2024,June,2,7,2-7,9,Control,Cynodon dactylon,0
2024,June,2,7,2-7,9,Control,Cyperus spp.,0
2024,June,2,7,2-7,9,Control,Erigeron canadensis,1
2024,June,2,7,2-7,9,Control,Indigofera hirsuta,5
2024,June,2,7,2-7,9,Control,Lactuca canadensis,0
2024,June,2,7,2-7,9,Control,Oenethra laciniata,0
2024,June,2,7,2-7,9,Control,Oxalis corniculata,0
2024,June,2,7,2-7,9,Control,Paspalum notatum,9
2024,June,2,7,2-7,9,Control,Paspalum setaceum,0
2024,June,2,7,2-7,9,Control,Richardia spp.,0
2024,June,2,7,2-7,10,Control,Androppogon virginicus,0
2024,June,2,7,2-7,10,Control,Bare Ground,0
2024,June,2,7,2-7,10,Control,Cynodon dactylon,4
2024,June,2,7,2-7,10,Control,Cyperus spp.,2
2024,June,2,7,2-7,10,Control,Erigeron canadensis,1
2024,June,2,7,2-7,10,Control,Indigofera hirsuta,5
2024,June,2,7,2-7,10,Control,Lactuca canadensis,0
2024,June,2,7,2-7,10,Control,Oenethra laciniata,3
2024,June,2,7,2-7,10,Control,Oxalis corniculata,2
2024,June,2,7,2-7,10,Control,Paspalum notatum,9
2024,June,2,7,2-7,10,Control,Paspalum setaceum,0
2024,June,2,7,2-7,10,Control,Richardia spp.,4
2024,June,2,8,2-8,1,Fill,Androppogon virginicus,0
2024,June,2,8,2-8,1,Fill,Bare Ground,0
2024,June,2,8,2-8,1,Fill,Bidens alba,0
2024,June,2,8,2-8,1,Fill,Cynodon dactylon,0
2024,June,2,8,2-8,1,Fill,Cyperus spp.,0
2024,June,2,8,2-8,1,Fill,Erigeron canadensis,0
2024,June,2,8,2-8,1,Fill,Indigofera hirsuta,5
2024,June,2,8,2-8,1,Fill,Lactuca canadensis,0
2024,June,2,8,2-8,1,Fill,Oenethra laciniata,0
2024,June,2,8,2-8,1,Fill,Oxalis corniculata,0
2024,June,2,8,2-8,1,Fill,Paspalum notatum,9
2024,June,2,8,2-8,1,Fill,Paspalum setaceum,0
2024,June,2,8,2-8,1,Fill,Richardia spp.,0
2024,June,2,8,2-8,2,Fill,Androppogon virginicus,0
2024,June,2,8,2-8,2,Fill,Bare Ground,0
2024,June,2,8,2-8,2,Fill,Bidens alba,0
2024,June,2,8,2-8,2,Fill,Cynodon dactylon,2
2024,June,2,8,2-8,2,Fill,Cyperus spp.,3
2024,June,2,8,2-8,2,Fill,Erigeron canadensis,5
2024,June,2,8,2-8,2,Fill,Indigofera hirsuta,2
2024,June,2,8,2-8,2,Fill,Lactuca canadensis,0
2024,June,2,8,2-8,2,Fill,Oenethra laciniata,4
2024,June,2,8,2-8,2,Fill,Oxalis corniculata,0
2024,June,2,8,2-8,2,Fill,Paspalum notatum,9
2024,June,2,8,2-8,2,Fill,Paspalum setaceum,0
2024,June,2,8,2-8,2,Fill,Richardia spp.,4
2024,June,2,8,2-8,3,Fill,Androppogon virginicus,0
2024,June,2,8,2-8,3,Fill,Bare Ground,0
2024,June,2,8,2-8,3,Fill,Bidens alba,0
2024,June,2,8,2-8,3,Fill,Cynodon dactylon,3
2024,June,2,8,2-8,3,Fill,Cyperus spp.,4
2024,June,2,8,2-8,3,Fill,Erigeron canadensis,4
2024,June,2,8,2-8,3,Fill,Indigofera hirsuta,2
2024,June,2,8,2-8,3,Fill,Lactuca canadensis,2
2024,June,2,8,2-8,3,Fill,Oenethra laciniata,0
2024,June,2,8,2-8,3,Fill,Oxalis corniculata,2
2024,June,2,8,2-8,3,Fill,Paspalum notatum,9
2024,June,2,8,2-8,3,Fill,Paspalum setaceum,0
2024,June,2,8,2-8,3,Fill,Richardia spp.,3
2024,June,2,8,2-8,3,Fill,Stachys floridana,4
2024,June,2,8,2-8,4,Fill,Androppogon virginicus,0
2024,June,2,8,2-8,4,Fill,Bare Ground,0
2024,June,2,8,2-8,4,Fill,Cynodon dactylon,0
2024,June,2,8,2-8,4,Fill,Cyperus spp.,0
2024,June,2,8,2-8,4,Fill,Erigeron canadensis,2
2024,June,2,8,2-8,4,Fill,Indigofera hirsuta,3
2024,June,2,8,2-8,4,Fill,Lactuca canadensis,0
2024,June,2,8,2-8,4,Fill,Oenethra laciniata,0
2024,June,2,8,2-8,4,Fill,Oxalis corniculata,2
2024,June,2,8,2-8,4,Fill,Paspalum notatum,9
2024,June,2,8,2-8,4,Fill,Paspalum setaceum,0
2024,June,2,8,2-8,4,Fill,Richardia spp.,0
2024,June,2,8,2-8,4,Fill,Stachys floridana,1
2024,June,2,8,2-8,5,Fill,Androppogon virginicus,0
2024,June,2,8,2-8,5,Fill,Bare Ground,2
2024,June,2,8,2-8,5,Fill,Bidens alba,2
2024,June,2,8,2-8,5,Fill,Cynodon dactylon,3
2024,June,2,8,2-8,5,Fill,Cyperus spp.,2
2024,June,2,8,2-8,5,Fill,Erigeron canadensis,2
2024,June,2,8,2-8,5,Fill,Indigofera hirsuta,0
2024,June,2,8,2-8,5,Fill,Lactuca canadensis,0
2024,June,2,8,2-8,5,Fill,Oenethra laciniata,0
2024,June,2,8,2-8,5,Fill,Oxalis corniculata,2
2024,June,2,8,2-8,5,Fill,Paspalum notatum,9
2024,June,2,8,2-8,5,Fill,Paspalum setaceum,0
2024,June,2,8,2-8,5,Fill,Richardia spp.,0
2024,June,2,8,2-8,6,Fill,Androppogon virginicus,1
2024,June,2,8,2-8,6,Fill,Bare Ground,1
2024,June,2,8,2-8,6,Fill,Bidens alba,2
2024,June,2,8,2-8,6,Fill,Cynodon dactylon,4
2024,June,2,8,2-8,6,Fill,Cyperus spp.,2
2024,June,2,8,2-8,6,Fill,Erigeron canadensis,0
2024,June,2,8,2-8,6,Fill,Indigofera hirsuta,2
2024,June,2,8,2-8,6,Fill,Lactuca canadensis,0
2024,June,2,8,2-8,6,Fill,Oenethra laciniata,0
2024,June,2,8,2-8,6,Fill,Oxalis corniculata,0
2024,June,2,8,2-8,6,Fill,Paspalum notatum,9
2024,June,2,8,2-8,6,Fill,Paspalum setaceum,0
2024,June,2,8,2-8,6,Fill,Richardia spp.,0
2024,June,2,8,2-8,7,Fill,Androppogon virginicus,0
2024,June,2,8,2-8,7,Fill,Bare Ground,0
2024,June,2,8,2-8,7,Fill,Bidens alba,0
2024,June,2,8,2-8,7,Fill,Cynodon dactylon,2
2024,June,2,8,2-8,7,Fill,Cyperus spp.,0
2024,June,2,8,2-8,7,Fill,Erigeron canadensis,2
2024,June,2,8,2-8,7,Fill,Indigofera hirsuta,0
2024,June,2,8,2-8,7,Fill,Lactuca canadensis,0
2024,June,2,8,2-8,7,Fill,Oenethra laciniata,0
2024,June,2,8,2-8,7,Fill,Oxalis corniculata,0
2024,June,2,8,2-8,7,Fill,Paspalum notatum,9
2024,June,2,8,2-8,7,Fill,Paspalum setaceum,0
2024,June,2,8,2-8,7,Fill,Richardia spp.,2
2024,June,2,8,2-8,8,Fill,Androppogon virginicus,2
2024,June,2,8,2-8,8,Fill,Bare Ground,2
2024,June,2,8,2-8,8,Fill,Bidens alba,0
2024,June,2,8,2-8,8,Fill,Cynodon dactylon,2
2024,June,2,8,2-8,8,Fill,Cyperus spp.,0
2024,June,2,8,2-8,8,Fill,Erigeron canadensis,2
2024,June,2,8,2-8,8,Fill,Indigofera hirsuta,0
2024,June,2,8,2-8,8,Fill,Lactuca canadensis,0
2024,June,2,8,2-8,8,Fill,Oenethra laciniata,0
2024,June,2,8,2-8,8,Fill,Oxalis corniculata,0
2024,June,2,8,2-8,8,Fill,Paspalum notatum,9
2024,June,2,8,2-8,8,Fill,Paspalum setaceum,2
2024,June,2,8,2-8,8,Fill,Richardia spp.,0
2024,June,2,8,2-8,9,Fill,Androppogon virginicus,2
2024,June,2,8,2-8,9,Fill,Bare Ground,0
2024,June,2,8,2-8,9,Fill,Bidens alba,0
2024,June,2,8,2-8,9,Fill,Cynodon dactylon,4
2024,June,2,8,2-8,9,Fill,Cyperus spp.,0
2024,June,2,8,2-8,9,Fill,Erigeron canadensis,1
2024,June,2,8,2-8,9,Fill,Indigofera hirsuta,0
2024,June,2,8,2-8,9,Fill,Lactuca canadensis,0
2024,June,2,8,2-8,9,Fill,Oenethra laciniata,1
2024,June,2,8,2-8,9,Fill,Oxalis corniculata,0
2024,June,2,8,2-8,9,Fill,Paspalum notatum,9
2024,June,2,8,2-8,9,Fill,Paspalum setaceum,1
2024,June,2,8,2-8,9,Fill,Richardia spp.,0
2024,June,2,8,2-8,10,Fill,Androppogon virginicus,0
2024,June,2,8,2-8,10,Fill,Bare Ground,0
2024,June,2,8,2-8,10,Fill,Bidens alba,0
2024,June,2,8,2-8,10,Fill,Cynodon dactylon,3
2024,June,2,8,2-8,10,Fill,Cyperus spp.,2
2024,June,2,8,2-8,10,Fill,Erigeron canadensis,1
2024,June,2,8,2-8,10,Fill,Indigofera hirsuta,2
2024,June,2,8,2-8,10,Fill,Lactuca canadensis,0
2024,June,2,8,2-8,10,Fill,Oenethra laciniata,0
2024,June,2,8,2-8,10,Fill,Oxalis corniculata,4
2024,June,2,8,2-8,10,Fill,Paspalum notatum,9
2024,June,2,8,2-8,10,Fill,Paspalum setaceum,0
2024,June,2,8,2-8,10,Fill,Richardia spp.,1
2024,June,2,9,2-9,1,Control,Androppogon virginicus,0
2024,June,2,9,2-9,1,Control,Bare Ground,2
2024,June,2,9,2-9,1,Control,Cynodon dactylon,4
2024,June,2,9,2-9,1,Control,Cyperus spp.,2
2024,June,2,9,2-9,1,Control,Erigeron canadensis,4
2024,June,2,9,2-9,1,Control,Indigofera hirsuta,1
2024,June,2,9,2-9,1,Control,Lactuca canadensis,0
2024,June,2,9,2-9,1,Control,Oenethra laciniata,3
2024,June,2,9,2-9,1,Control,Oxalis corniculata,0
2024,June,2,9,2-9,1,Control,Paspalum notatum,9
2024,June,2,9,2-9,1,Control,Paspalum setaceum,0
2024,June,2,9,2-9,1,Control,Polypremum procumbers,5
2024,June,2,9,2-9,1,Control,Richardia spp.,0
2024,June,2,9,2-9,2,Control,Androppogon virginicus,0
2024,June,2,9,2-9,2,Control,Bare Ground,3
2024,June,2,9,2-9,2,Control,Bidens alba,0
2024,June,2,9,2-9,2,Control,Cynodon dactylon,2
2024,June,2,9,2-9,2,Control,Cyperus spp.,2
2024,June,2,9,2-9,2,Control,Erigeron canadensis,4
2024,June,2,9,2-9,2,Control,Indigofera hirsuta,2
2024,June,2,9,2-9,2,Control,Lactuca canadensis,0
2024,June,2,9,2-9,2,Control,Oenethra laciniata,4
2024,June,2,9,2-9,2,Control,Oxalis corniculata,0
2024,June,2,9,2-9,2,Control,Paspalum notatum,9
2024,June,2,9,2-9,2,Control,Paspalum setaceum,2
2024,June,2,9,2-9,2,Control,Richardia spp.,4
2024,June,2,9,2-9,3,Control,Androppogon virginicus,0
2024,June,2,9,2-9,3,Control,Bare Ground,0
2024,June,2,9,2-9,3,Control,Bidens alba,0
2024,June,2,9,2-9,3,Control,Cynodon dactylon,4
2024,June,2,9,2-9,3,Control,Cyperus spp.,0
2024,June,2,9,2-9,3,Control,Erigeron canadensis,5
2024,June,2,9,2-9,3,Control,Indigofera hirsuta,2
2024,June,2,9,2-9,3,Control,Lactuca canadensis,0
2024,June,2,9,2-9,3,Control,Oenethra laciniata,0
2024,June,2,9,2-9,3,Control,Oxalis corniculata,0
2024,June,2,9,2-9,3,Control,Paspalum notatum,9
2024,June,2,9,2-9,3,Control,Paspalum setaceum,0
2024,June,2,9,2-9,3,Control,Richardia spp.,0
2024,June,2,9,2-9,4,Control,Androppogon virginicus,0
2024,June,2,9,2-9,4,Control,Bare Ground,2
2024,June,2,9,2-9,4,Control,Cynodon dactylon,5
2024,June,2,9,2-9,4,Control,Cyperus spp.,2
2024,June,2,9,2-9,4,Control,Erigeron canadensis,2
2024,June,2,9,2-9,4,Control,Indigofera hirsuta,1
2024,June,2,9,2-9,4,Control,Lactuca canadensis,0
2024,June,2,9,2-9,4,Control,Oenethra laciniata,0
2024,June,2,9,2-9,4,Control,Oxalis corniculata,3
2024,June,2,9,2-9,4,Control,Paspalum notatum,9
2024,June,2,9,2-9,4,Control,Paspalum setaceum,3
2024,June,2,9,2-9,4,Control,Polypremum procumbers,4
2024,June,2,9,2-9,4,Control,Richardia spp.,4
2024,June,2,9,2-9,5,Control,Androppogon virginicus,0
2024,June,2,9,2-9,5,Control,Bare Ground,0
2024,June,2,9,2-9,5,Control,Cynodon dactylon,2
2024,June,2,9,2-9,5,Control,Cyperus spp.,2
2024,June,2,9,2-9,5,Control,Erigeron canadensis,0
2024,June,2,9,2-9,5,Control,Indigofera hirsuta,1
2024,June,2,9,2-9,5,Control,Lactuca canadensis,0
2024,June,2,9,2-9,5,Control,Oenethra laciniata,0
2024,June,2,9,2-9,5,Control,Oxalis corniculata,0
2024,June,2,9,2-9,5,Control,Paspalum notatum,9
2024,June,2,9,2-9,5,Control,Paspalum setaceum,0
2024,June,2,9,2-9,5,Control,Polypremum procumbers,4
2024,June,2,9,2-9,5,Control,Richardia spp.,0
2024,June,2,9,2-9,6,Control,Androppogon virginicus,0
2024,June,2,9,2-9,6,Control,Bare Ground,2
2024,June,2,9,2-9,6,Control,Cynodon dactylon,3
2024,June,2,9,2-9,6,Control,Cyperus spp.,2
2024,June,2,9,2-9,6,Control,Erigeron canadensis,0
2024,June,2,9,2-9,6,Control,Indigofera hirsuta,0
2024,June,2,9,2-9,6,Control,Lactuca canadensis,1
2024,June,2,9,2-9,6,Control,Oenethra laciniata,1
2024,June,2,9,2-9,6,Control,Oxalis corniculata,2
2024,June,2,9,2-9,6,Control,Paspalum notatum,9
2024,June,2,9,2-9,6,Control,Paspalum setaceum,0
2024,June,2,9,2-9,6,Control,Polypremum procumbers,4
2024,June,2,9,2-9,6,Control,Richardia spp.,3
2024,June,2,9,2-9,7,Control,Androppogon virginicus,0
2024,June,2,9,2-9,7,Control,Bare Ground,2
2024,June,2,9,2-9,7,Control,Cynodon dactylon,5
2024,June,2,9,2-9,7,Control,Cyperus spp.,0
2024,June,2,9,2-9,7,Control,Erigeron canadensis,0
2024,June,2,9,2-9,7,Control,Indigofera hirsuta,2
2024,June,2,9,2-9,7,Control,Lactuca canadensis,0
2024,June,2,9,2-9,7,Control,Oenethra laciniata,0
2024,June,2,9,2-9,7,Control,Oxalis corniculata,0
2024,June,2,9,2-9,7,Control,Paspalum notatum,9
2024,June,2,9,2-9,7,Control,Paspalum setaceum,3
2024,June,2,9,2-9,7,Control,Polypremum procumbers,4
2024,June,2,9,2-9,7,Control,Richardia spp.,0
2024,June,2,9,2-9,8,Control,Androppogon virginicus,0
2024,June,2,9,2-9,8,Control,Bare Ground,3
2024,June,2,9,2-9,8,Control,Cynodon dactylon,2
2024,June,2,9,2-9,8,Control,Cyperus spp.,0
2024,June,2,9,2-9,8,Control,Erigeron canadensis,0
2024,June,2,9,2-9,8,Control,Indigofera hirsuta,0
2024,June,2,9,2-9,8,Control,Lactuca canadensis,0
2024,June,2,9,2-9,8,Control,Oenethra laciniata,0
2024,June,2,9,2-9,8,Control,Oxalis corniculata,0
2024,June,2,9,2-9,8,Control,Paspalum notatum,9
2024,June,2,9,2-9,8,Control,Paspalum setaceum,0
2024,June,2,9,2-9,8,Control,Polypremum procumbers,4
2024,June,2,9,2-9,8,Control,Richardia spp.,0
2024,June,2,9,2-9,9,Control,Androppogon virginicus,0
2024,June,2,9,2-9,9,Control,Bare Ground,3
2024,June,2,9,2-9,9,Control,Cynodon dactylon,0
2024,June,2,9,2-9,9,Control,Cyperus spp.,0
2024,June,2,9,2-9,9,Control,Erigeron canadensis,0
2024,June,2,9,2-9,9,Control,Indigofera hirsuta,0
2024,June,2,9,2-9,9,Control,Lactuca canadensis,0
2024,June,2,9,2-9,9,Control,Oenethra laciniata,0
2024,June,2,9,2-9,9,Control,Oxalis corniculata,0
2024,June,2,9,2-9,9,Control,Paspalum notatum,9
2024,June,2,9,2-9,9,Control,Paspalum setaceum,0
2024,June,2,9,2-9,9,Control,Polypremum procumbers,4
2024,June,2,9,2-9,9,Control,Richardia spp.,0
2024,June,2,9,2-9,10,Control,Androppogon virginicus,0
2024,June,2,9,2-9,10,Control,Bare Ground,3
2024,June,2,9,2-9,10,Control,Cynodon dactylon,0
2024,June,2,9,2-9,10,Control,Cyperus spp.,0
2024,June,2,9,2-9,10,Control,Erigeron canadensis,0
2024,June,2,9,2-9,10,Control,Indigofera hirsuta,0
2024,June,2,9,2-9,10,Control,Lactuca canadensis,0
2024,June,2,9,2-9,10,Control,Oenethra laciniata,0
2024,June,2,9,2-9,10,Control,Oxalis corniculata,1
2024,June,2,9,2-9,10,Control,Paspalum notatum,9
2024,June,2,9,2-9,10,Control,Paspalum setaceum,0
2024,June,2,9,2-9,10,Control,Polypremum procumbers,4
2024,June,2,9,2-9,10,Control,Richardia spp.,0
2024,June,2,10,2-10,1,Fill,Ageratum spp.,4
2024,June,2,10,2-10,1,Fill,Androppogon virginicus,4
2024,June,2,10,2-10,1,Fill,Bare Ground,3
2024,June,2,10,2-10,1,Fill,Cynodon dactylon,3
2024,June,2,10,2-10,1,Fill,Cyperus spp.,2
2024,June,2,10,2-10,1,Fill,Erigeron canadensis,4
2024,June,2,10,2-10,1,Fill,Houstonia procumbens,4
2024,June,2,10,2-10,1,Fill,Indigofera hirsuta,4
2024,June,2,10,2-10,1,Fill,Lactuca canadensis,0
2024,June,2,10,2-10,1,Fill,Oenethra laciniata,0
2024,June,2,10,2-10,1,Fill,Oxalis corniculata,0
2024,June,2,10,2-10,1,Fill,Paspalum notatum,9
2024,June,2,10,2-10,1,Fill,Paspalum setaceum,0
2024,June,2,10,2-10,1,Fill,Richardia spp.,3
2024,June,2,10,2-10,2,Fill,Androppogon virginicus,4
2024,June,2,10,2-10,2,Fill,Bare Ground,3
2024,June,2,10,2-10,2,Fill,Bidens alba,0
2024,June,2,10,2-10,2,Fill,Cynodon dactylon,2
2024,June,2,10,2-10,2,Fill,Cyperus spp.,0
2024,June,2,10,2-10,2,Fill,Erigeron canadensis,4
2024,June,2,10,2-10,2,Fill,Indigofera hirsuta,0
2024,June,2,10,2-10,2,Fill,Lactuca canadensis,0
2024,June,2,10,2-10,2,Fill,Oenethra laciniata,0
2024,June,2,10,2-10,2,Fill,Oxalis corniculata,0
2024,June,2,10,2-10,2,Fill,Paspalum notatum,9
2024,June,2,10,2-10,2,Fill,Paspalum setaceum,0
2024,June,2,10,2-10,2,Fill,Richardia spp.,4
2024,June,2,10,2-10,3,Fill,Androppogon virginicus,0
2024,June,2,10,2-10,3,Fill,Bare Ground,0
2024,June,2,10,2-10,3,Fill,Bidens alba,0
2024,June,2,10,2-10,3,Fill,Cynodon dactylon,4
2024,June,2,10,2-10,3,Fill,Cyperus spp.,2
2024,June,2,10,2-10,3,Fill,Erigeron canadensis,4
2024,June,2,10,2-10,3,Fill,Indigofera hirsuta,1
2024,June,2,10,2-10,3,Fill,Lactuca canadensis,0
2024,June,2,10,2-10,3,Fill,Oenethra laciniata,0
2024,June,2,10,2-10,3,Fill,Oxalis corniculata,0
2024,June,2,10,2-10,3,Fill,Paspalum notatum,9
2024,June,2,10,2-10,3,Fill,Paspalum setaceum,0
2024,June,2,10,2-10,3,Fill,Richardia spp.,4
2024,June,2,10,2-10,4,Fill,Androppogon virginicus,0
2024,June,2,10,2-10,4,Fill,Bare Ground,1
2024,June,2,10,2-10,4,Fill,Bidens alba,0
2024,June,2,10,2-10,4,Fill,Cynodon dactylon,1
2024,June,2,10,2-10,4,Fill,Cyperus spp.,2
2024,June,2,10,2-10,4,Fill,Erigeron canadensis,0
2024,June,2,10,2-10,4,Fill,Indigofera hirsuta,0
2024,June,2,10,2-10,4,Fill,Lactuca canadensis,0
2024,June,2,10,2-10,4,Fill,Oenethra laciniata,0
2024,June,2,10,2-10,4,Fill,Oxalis corniculata,0
2024,June,2,10,2-10,4,Fill,Paspalum notatum,9
2024,June,2,10,2-10,4,Fill,Paspalum setaceum,0
2024,June,2,10,2-10,4,Fill,Richardia spp.,2
2024,June,2,10,2-10,5,Fill,Ageratum spp.,3
2024,June,2,10,2-10,5,Fill,Androppogon virginicus,0
2024,June,2,10,2-10,5,Fill,Bare Ground,2
2024,June,2,10,2-10,5,Fill,Cynodon dactylon,2
2024,June,2,10,2-10,5,Fill,Cyperus spp.,0
2024,June,2,10,2-10,5,Fill,Erigeron canadensis,4
2024,June,2,10,2-10,5,Fill,Erigeron quercifolius,2
2024,June,2,10,2-10,5,Fill,Indigofera hirsuta,0
2024,June,2,10,2-10,5,Fill,Lactuca canadensis,0
2024,June,2,10,2-10,5,Fill,Oenethra laciniata,3
2024,June,2,10,2-10,5,Fill,Oxalis corniculata,2
2024,June,2,10,2-10,5,Fill,Paspalum notatum,9
2024,June,2,10,2-10,5,Fill,Paspalum setaceum,2
2024,June,2,10,2-10,5,Fill,Richardia spp.,1
2024,June,2,10,2-10,6,Fill,Ageratum spp.,1
2024,June,2,10,2-10,6,Fill,Androppogon virginicus,0
2024,June,2,10,2-10,6,Fill,Bare Ground,3
2024,June,2,10,2-10,6,Fill,Cynodon dactylon,4
2024,June,2,10,2-10,6,Fill,Cyperus spp.,0
2024,June,2,10,2-10,6,Fill,Erigeron canadensis,0
2024,June,2,10,2-10,6,Fill,Indigofera hirsuta,1
2024,June,2,10,2-10,6,Fill,Lactuca canadensis,0
2024,June,2,10,2-10,6,Fill,Oenethra laciniata,0
2024,June,2,10,2-10,6,Fill,Oxalis corniculata,0
2024,June,2,10,2-10,6,Fill,Paspalum notatum,9
2024,June,2,10,2-10,6,Fill,Paspalum setaceum,0
2024,June,2,10,2-10,6,Fill,Richardia spp.,0
2024,June,2,10,2-10,7,Fill,Androppogon virginicus,0
2024,June,2,10,2-10,7,Fill,Bare Ground,0
2024,June,2,10,2-10,7,Fill,Cynodon dactylon,2
2024,June,2,10,2-10,7,Fill,Cyperus spp.,2
2024,June,2,10,2-10,7,Fill,Erigeron canadensis,2
2024,June,2,10,2-10,7,Fill,Indigofera hirsuta,1
2024,June,2,10,2-10,7,Fill,Lactuca canadensis,1
2024,June,2,10,2-10,7,Fill,Oenethra laciniata,0
2024,June,2,10,2-10,7,Fill,Oxalis corniculata,2
2024,June,2,10,2-10,7,Fill,Paspalum notatum,9
2024,June,2,10,2-10,7,Fill,Paspalum setaceum,0
2024,June,2,10,2-10,7,Fill,Polypremum procumbers,4
2024,June,2,10,2-10,7,Fill,Richardia spp.,0
2024,June,2,10,2-10,8,Fill,Androppogon virginicus,0
2024,June,2,10,2-10,8,Fill,Bare Ground,3
2024,June,2,10,2-10,8,Fill,Cynodon dactylon,0
2024,June,2,10,2-10,8,Fill,Cyperus spp.,0
2024,June,2,10,2-10,8,Fill,Erigeron canadensis,0
2024,June,2,10,2-10,8,Fill,Indigofera hirsuta,1
2024,June,2,10,2-10,8,Fill,Lactuca canadensis,0
2024,June,2,10,2-10,8,Fill,Oenethra laciniata,0
2024,June,2,10,2-10,8,Fill,Oxalis corniculata,0
2024,June,2,10,2-10,8,Fill,Paspalum notatum,9
2024,June,2,10,2-10,8,Fill,Paspalum setaceum,0
2024,June,2,10,2-10,8,Fill,Polypremum procumbers,3
2024,June,2,10,2-10,8,Fill,Richardia spp.,0
2024,June,2,10,2-10,9,Fill,Androppogon virginicus,0
2024,June,2,10,2-10,9,Fill,Bare Ground,2
2024,June,2,10,2-10,9,Fill,Bidens alba,0
2024,June,2,10,2-10,9,Fill,Cynodon dactylon,4
2024,June,2,10,2-10,9,Fill,Cyperus spp.,0
2024,June,2,10,2-10,9,Fill,Erigeron canadensis,0
2024,June,2,10,2-10,9,Fill,Indigofera hirsuta,1
2024,June,2,10,2-10,9,Fill,Lactuca canadensis,2
2024,June,2,10,2-10,9,Fill,Oenethra laciniata,3
2024,June,2,10,2-10,9,Fill,Oxalis corniculata,3
2024,June,2,10,2-10,9,Fill,Paspalum notatum,9
2024,June,2,10,2-10,9,Fill,Paspalum setaceum,3
2024,June,2,10,2-10,9,Fill,Richardia spp.,3
2024,June,2,10,2-10,10,Fill,Androppogon virginicus,0
2024,June,2,10,2-10,10,Fill,Bare Ground,2
2024,June,2,10,2-10,10,Fill,Bidens alba,0
2024,June,2,10,2-10,10,Fill,Cynodon dactylon,4
2024,June,2,10,2-10,10,Fill,Cyperus spp.,2
2024,June,2,10,2-10,10,Fill,Erigeron canadensis,2
2024,June,2,10,2-10,10,Fill,Indigofera hirsuta,2
2024,June,2,10,2-10,10,Fill,Lactuca canadensis,0
2024,June,2,10,2-10,10,Fill,Oenethra laciniata,2
2024,June,2,10,2-10,10,Fill,Oxalis corniculata,0
2024,June,2,10,2-10,10,Fill,Paspalum notatum,9
2024,June,2,10,2-10,10,Fill,Paspalum setaceum,0
2024,June,2,10,2-10,10,Fill,Richardia spp.,0
2024,June,2,11,2-11,1,Soil Inversion,Androppogon virginicus,0
2024,June,2,11,2-11,1,Soil Inversion,Bare Ground,0
2024,June,2,11,2-11,1,Soil Inversion,Bidens alba,0
2024,June,2,11,2-11,1,Soil Inversion,Cynodon dactylon,4
2024,June,2,11,2-11,1,Soil Inversion,Cyperus spp.,3
2024,June,2,11,2-11,1,Soil Inversion,Erigeron canadensis,1
2024,June,2,11,2-11,1,Soil Inversion,Indigofera hirsuta,1
2024,June,2,11,2-11,1,Soil Inversion,Lactuca canadensis,2
2024,June,2,11,2-11,1,Soil Inversion,Oenethra laciniata,0
2024,June,2,11,2-11,1,Soil Inversion,Oxalis corniculata,2
2024,June,2,11,2-11,1,Soil Inversion,Paspalum notatum,9
2024,June,2,11,2-11,1,Soil Inversion,Paspalum setaceum,0
2024,June,2,11,2-11,1,Soil Inversion,Richardia spp.,2
2024,June,2,11,2-11,2,Soil Inversion,Androppogon virginicus,0
2024,June,2,11,2-11,2,Soil Inversion,Bare Ground,0
2024,June,2,11,2-11,2,Soil Inversion,Bidens alba,0
2024,June,2,11,2-11,2,Soil Inversion,Cynodon dactylon,5
2024,June,2,11,2-11,2,Soil Inversion,Cyperus spp.,0
2024,June,2,11,2-11,2,Soil Inversion,Erigeron canadensis,3
2024,June,2,11,2-11,2,Soil Inversion,Indigofera hirsuta,3
2024,June,2,11,2-11,2,Soil Inversion,Lactuca canadensis,0
2024,June,2,11,2-11,2,Soil Inversion,Oenethra laciniata,4
2024,June,2,11,2-11,2,Soil Inversion,Oxalis corniculata,0
2024,June,2,11,2-11,2,Soil Inversion,Paspalum notatum,9
2024,June,2,11,2-11,2,Soil Inversion,Paspalum setaceum,0
2024,June,2,11,2-11,2,Soil Inversion,Richardia spp.,0
2024,June,2,11,2-11,3,Soil Inversion,Androppogon virginicus,0
2024,June,2,11,2-11,3,Soil Inversion,Bare Ground,2
2024,June,2,11,2-11,3,Soil Inversion,Bidens alba,0
2024,June,2,11,2-11,3,Soil Inversion,Cynodon dactylon,0
2024,June,2,11,2-11,3,Soil Inversion,Cyperus spp.,2
2024,June,2,11,2-11,3,Soil Inversion,Erigeron canadensis,0
2024,June,2,11,2-11,3,Soil Inversion,Indigofera hirsuta,2
2024,June,2,11,2-11,3,Soil Inversion,Lactuca canadensis,0
2024,June,2,11,2-11,3,Soil Inversion,Oenethra laciniata,0
2024,June,2,11,2-11,3,Soil Inversion,Oxalis corniculata,2
2024,June,2,11,2-11,3,Soil Inversion,Paspalum notatum,9
2024,June,2,11,2-11,3,Soil Inversion,Paspalum setaceum,0
2024,June,2,11,2-11,3,Soil Inversion,Richardia spp.,2
2024,June,2,11,2-11,4,Soil Inversion,Androppogon virginicus,0
2024,June,2,11,2-11,4,Soil Inversion,Bare Ground,0
2024,June,2,11,2-11,4,Soil Inversion,Bidens alba,0
2024,June,2,11,2-11,4,Soil Inversion,Cynodon dactylon,4
2024,June,2,11,2-11,4,Soil Inversion,Cyperus spp.,2
2024,June,2,11,2-11,4,Soil Inversion,Erigeron canadensis,0
2024,June,2,11,2-11,4,Soil Inversion,Indigofera hirsuta,0
2024,June,2,11,2-11,4,Soil Inversion,Lactuca canadensis,2
2024,June,2,11,2-11,4,Soil Inversion,Oenethra laciniata,2
2024,June,2,11,2-11,4,Soil Inversion,Oxalis corniculata,2
2024,June,2,11,2-11,4,Soil Inversion,Paspalum notatum,9
2024,June,2,11,2-11,4,Soil Inversion,Paspalum setaceum,0
2024,June,2,11,2-11,4,Soil Inversion,Richardia spp.,0
2024,June,2,11,2-11,5,Soil Inversion,Androppogon virginicus,2
2024,June,2,11,2-11,5,Soil Inversion,Bare Ground,0
2024,June,2,11,2-11,5,Soil Inversion,Bidens alba,0
2024,June,2,11,2-11,5,Soil Inversion,Cynodon dactylon,3
2024,June,2,11,2-11,5,Soil Inversion,Cyperus spp.,2
2024,June,2,11,2-11,5,Soil Inversion,Erigeron canadensis,0
2024,June,2,11,2-11,5,Soil Inversion,Indigofera hirsuta,0
2024,June,2,11,2-11,5,Soil Inversion,Lactuca canadensis,0
2024,June,2,11,2-11,5,Soil Inversion,Oenethra laciniata,0
2024,June,2,11,2-11,5,Soil Inversion,Oxalis corniculata,2
2024,June,2,11,2-11,5,Soil Inversion,Paspalum notatum,9
2024,June,2,11,2-11,5,Soil Inversion,Paspalum setaceum,2
2024,June,2,11,2-11,5,Soil Inversion,Richardia spp.,2
2024,June,2,11,2-11,6,Soil Inversion,Androppogon virginicus,2
2024,June,2,11,2-11,6,Soil Inversion,Bare Ground,1
2024,June,2,11,2-11,6,Soil Inversion,Bidens alba,0
2024,June,2,11,2-11,6,Soil Inversion,Cynodon dactylon,3
2024,June,2,11,2-11,6,Soil Inversion,Cyperus spp.,2
2024,June,2,11,2-11,6,Soil Inversion,Erigeron canadensis,0
2024,June,2,11,2-11,6,Soil Inversion,Indigofera hirsuta,0
2024,June,2,11,2-11,6,Soil Inversion,Lactuca canadensis,0
2024,June,2,11,2-11,6,Soil Inversion,Oenethra laciniata,3
2024,June,2,11,2-11,6,Soil Inversion,Oxalis corniculata,2
2024,June,2,11,2-11,6,Soil Inversion,Paspalum notatum,9
2024,June,2,11,2-11,6,Soil Inversion,Paspalum setaceum,0
2024,June,2,11,2-11,6,Soil Inversion,Richardia spp.,0
2024,June,2,11,2-11,7,Soil Inversion,Androppogon virginicus,0
2024,June,2,11,2-11,7,Soil Inversion,Bare Ground,0
2024,June,2,11,2-11,7,Soil Inversion,Bidens alba,0
2024,June,2,11,2-11,7,Soil Inversion,Cynodon dactylon,4
2024,June,2,11,2-11,7,Soil Inversion,Cyperus spp.,2
2024,June,2,11,2-11,7,Soil Inversion,Erigeron canadensis,2
2024,June,2,11,2-11,7,Soil Inversion,Indigofera hirsuta,2
2024,June,2,11,2-11,7,Soil Inversion,Lactuca canadensis,0
2024,June,2,11,2-11,7,Soil Inversion,Oenethra laciniata,2
2024,June,2,11,2-11,7,Soil Inversion,Oxalis corniculata,0
2024,June,2,11,2-11,7,Soil Inversion,Paspalum notatum,9
2024,June,2,11,2-11,7,Soil Inversion,Paspalum setaceum,2
2024,June,2,11,2-11,7,Soil Inversion,Richardia spp.,2
2024,June,2,11,2-11,8,Soil Inversion,Androppogon virginicus,0
2024,June,2,11,2-11,8,Soil Inversion,Bare Ground,3
2024,June,2,11,2-11,8,Soil Inversion,Bidens alba,0
2024,June,2,11,2-11,8,Soil Inversion,Cynodon dactylon,1
2024,June,2,11,2-11,8,Soil Inversion,Cyperus spp.,0
2024,June,2,11,2-11,8,Soil Inversion,Erigeron canadensis,0
2024,June,2,11,2-11,8,Soil Inversion,Indigofera hirsuta,0
2024,June,2,11,2-11,8,Soil Inversion,Lactuca canadensis,0
2024,June,2,11,2-11,8,Soil Inversion,Oenethra laciniata,0
2024,June,2,11,2-11,8,Soil Inversion,Oxalis corniculata,0
2024,June,2,11,2-11,8,Soil Inversion,Paspalum notatum,9
2024,June,2,11,2-11,8,Soil Inversion,Paspalum setaceum,0
2024,June,2,11,2-11,8,Soil Inversion,Richardia spp.,3
2024,June,2,11,2-11,9,Soil Inversion,Ageratum spp.,5
2024,June,2,11,2-11,9,Soil Inversion,Androppogon virginicus,0
2024,June,2,11,2-11,9,Soil Inversion,Bare Ground,0
2024,June,2,11,2-11,9,Soil Inversion,Cynodon dactylon,3
2024,June,2,11,2-11,9,Soil Inversion,Cyperus spp.,0
2024,June,2,11,2-11,9,Soil Inversion,Erigeron canadensis,2
2024,June,2,11,2-11,9,Soil Inversion,Indigofera hirsuta,0
2024,June,2,11,2-11,9,Soil Inversion,Lactuca canadensis,0
2024,June,2,11,2-11,9,Soil Inversion,Oenethra laciniata,0
2024,June,2,11,2-11,9,Soil Inversion,Oxalis corniculata,2
2024,June,2,11,2-11,9,Soil Inversion,Paspalum notatum,9
2024,June,2,11,2-11,9,Soil Inversion,Paspalum setaceum,0
2024,June,2,11,2-11,9,Soil Inversion,Richardia spp.,3
,June,2,11,2-11,9,Soil Inversion,Stachys floridana,4
2024,June,2,11,2-11,10,Soil Inversion,Ageratum spp.,5
2024,June,2,11,2-11,10,Soil Inversion,Androppogon virginicus,0
2024,June,2,11,2-11,10,Soil Inversion,Bare Ground,0
2024,June,2,11,2-11,10,Soil Inversion,Cynodon dactylon,2
2024,June,2,11,2-11,10,Soil Inversion,Cyperus spp.,2
2024,June,2,11,2-11,10,Soil Inversion,Erigeron canadensis,2
2024,June,2,11,2-11,10,Soil Inversion,Erigeron quercifolius,4
2024,June,2,11,2-11,10,Soil Inversion,Indigofera hirsuta,0
2024,June,2,11,2-11,10,Soil Inversion,Lactuca canadensis,0
2024,June,2,11,2-11,10,Soil Inversion,Oenethra laciniata,0
2024,June,2,11,2-11,10,Soil Inversion,Oxalis corniculata,0
2024,June,2,11,2-11,10,Soil Inversion,Paspalum notatum,9
2024,June,2,11,2-11,10,Soil Inversion,Paspalum setaceum,0
2024,June,2,11,2-11,10,Soil Inversion,Richardia spp.,4
2024,June,2,12,2-12,1,Preemergent,Androppogon virginicus,0
2024,June,2,12,2-12,1,Preemergent,Bare Ground,2
2024,June,2,12,2-12,1,Preemergent,Bidens alba,0
2024,June,2,12,2-12,1,Preemergent,Cynodon dactylon,5
2024,June,2,12,2-12,1,Preemergent,Cyperus spp.,2
2024,June,2,12,2-12,1,Preemergent,Erigeron canadensis,4
2024,June,2,12,2-12,1,Preemergent,Indigofera hirsuta,0
2024,June,2,12,2-12,1,Preemergent,Lactuca canadensis,0
2024,June,2,12,2-12,1,Preemergent,Oenethra laciniata,3
2024,June,2,12,2-12,1,Preemergent,Oxalis corniculata,0
2024,June,2,12,2-12,1,Preemergent,Paspalum notatum,9
2024,June,2,12,2-12,1,Preemergent,Paspalum setaceum,0
2024,June,2,12,2-12,1,Preemergent,Richardia spp.,4
2024,June,2,12,2-12,2,Preemergent,Androppogon virginicus,0
2024,June,2,12,2-12,2,Preemergent,Bare Ground,2
2024,June,2,12,2-12,2,Preemergent,Bidens alba,0
2024,June,2,12,2-12,2,Preemergent,Cynodon dactylon,3
2024,June,2,12,2-12,2,Preemergent,Cyperus spp.,0
2024,June,2,12,2-12,2,Preemergent,Erigeron canadensis,2
2024,June,2,12,2-12,2,Preemergent,Indigofera hirsuta,2
2024,June,2,12,2-12,2,Preemergent,Lactuca canadensis,2
2024,June,2,12,2-12,2,Preemergent,Oenethra laciniata,3
2024,June,2,12,2-12,2,Preemergent,Oxalis corniculata,2
2024,June,2,12,2-12,2,Preemergent,Paspalum notatum,9
2024,June,2,12,2-12,2,Preemergent,Paspalum setaceum,0
2024,June,2,12,2-12,2,Preemergent,Richardia spp.,0
2024,June,2,12,2-12,3,Preemergent,Androppogon virginicus,0
2024,June,2,12,2-12,3,Preemergent,Bare Ground,0
2024,June,2,12,2-12,3,Preemergent,Bidens alba,0
2024,June,2,12,2-12,3,Preemergent,Cynodon dactylon,2
2024,June,2,12,2-12,3,Preemergent,Cyperus spp.,0
2024,June,2,12,2-12,3,Preemergent,Erigeron canadensis,0
2024,June,2,12,2-12,3,Preemergent,Indigofera hirsuta,0
2024,June,2,12,2-12,3,Preemergent,Lactuca canadensis,1
2024,June,2,12,2-12,3,Preemergent,Oenethra laciniata,2
2024,June,2,12,2-12,3,Preemergent,Oxalis corniculata,2
2024,June,2,12,2-12,3,Preemergent,Paspalum notatum,9
2024,June,2,12,2-12,3,Preemergent,Paspalum setaceum,0
2024,June,2,12,2-12,3,Preemergent,Richardia spp.,0
2024,June,2,12,2-12,4,Preemergent,Androppogon virginicus,0
2024,June,2,12,2-12,4,Preemergent,Bare Ground,0
2024,June,2,12,2-12,4,Preemergent,Bidens alba,2
2024,June,2,12,2-12,4,Preemergent,Cynodon dactylon,4
2024,June,2,12,2-12,4,Preemergent,Cyperus spp.,2
2024,June,2,12,2-12,4,Preemergent,Erigeron canadensis,0
2024,June,2,12,2-12,4,Preemergent,Indigofera hirsuta,2
2024,June,2,12,2-12,4,Preemergent,Lactuca canadensis,0
2024,June,2,12,2-12,4,Preemergent,Oenethra laciniata,0
2024,June,2,12,2-12,4,Preemergent,Oxalis corniculata,2
2024,June,2,12,2-12,4,Preemergent,Paspalum notatum,9
2024,June,2,12,2-12,4,Preemergent,Paspalum setaceum,0
2024,June,2,12,2-12,4,Preemergent,Richardia spp.,3
2024,June,2,12,2-12,5,Preemergent,Androppogon virginicus,0
2024,June,2,12,2-12,5,Preemergent,Bare Ground,0
2024,June,2,12,2-12,5,Preemergent,Cynodon dactylon,5
2024,June,2,12,2-12,5,Preemergent,Cyperus spp.,0
2024,June,2,12,2-12,5,Preemergent,Erigeron canadensis,0
2024,June,2,12,2-12,5,Preemergent,Indigofera hirsuta,0
2024,June,2,12,2-12,5,Preemergent,Lactuca canadensis,0
2024,June,2,12,2-12,5,Preemergent,Oenethra laciniata,0
2024,June,2,12,2-12,5,Preemergent,Oxalis corniculata,0
2024,June,2,12,2-12,5,Preemergent,Paspalum notatum,9
2024,June,2,12,2-12,5,Preemergent,Paspalum setaceum,0
2024,June,2,12,2-12,5,Preemergent,Polypremum procumbers,4
2024,June,2,12,2-12,5,Preemergent,Richardia spp.,3
2024,June,2,12,2-12,6,Preemergent,Androppogon virginicus,0
2024,June,2,12,2-12,6,Preemergent,Bare Ground,3
2024,June,2,12,2-12,6,Preemergent,Cynodon dactylon,2
2024,June,2,12,2-12,6,Preemergent,Cyperus spp.,0
2024,June,2,12,2-12,6,Preemergent,Erigeron canadensis,4
2024,June,2,12,2-12,6,Preemergent,Indigofera hirsuta,0
2024,June,2,12,2-12,6,Preemergent,Lactuca canadensis,0
2024,June,2,12,2-12,6,Preemergent,Oenethra laciniata,0
2024,June,2,12,2-12,6,Preemergent,Oxalis corniculata,0
2024,June,2,12,2-12,6,Preemergent,Paspalum notatum,9
2024,June,2,12,2-12,6,Preemergent,Paspalum setaceum,0
2024,June,2,12,2-12,6,Preemergent,Polypremum procumbers,5
2024,June,2,12,2-12,6,Preemergent,Richardia spp.,1
2024,June,2,12,2-12,7,Preemergent,Androppogon virginicus,0
2024,June,2,12,2-12,7,Preemergent,Bare Ground,1
2024,June,2,12,2-12,7,Preemergent,Cynodon dactylon,0
2024,June,2,12,2-12,7,Preemergent,Cyperus spp.,2
2024,June,2,12,2-12,7,Preemergent,Erigeron canadensis,3
2024,June,2,12,2-12,7,Preemergent,Indigofera hirsuta,0
2024,June,2,12,2-12,7,Preemergent,Lactuca canadensis,0
2024,June,2,12,2-12,7,Preemergent,Oenethra laciniata,2
2024,June,2,12,2-12,7,Preemergent,Oxalis corniculata,2
2024,June,2,12,2-12,7,Preemergent,Paspalum notatum,9
2024,June,2,12,2-12,7,Preemergent,Paspalum setaceum,0
2024,June,2,12,2-12,7,Preemergent,Polypremum procumbers,3
2024,June,2,12,2-12,7,Preemergent,Richardia spp.,1
2024,June,2,12,2-12,8,Preemergent,Androppogon virginicus,0
2024,June,2,12,2-12,8,Preemergent,Bare Ground,1
2024,June,2,12,2-12,8,Preemergent,Bidens alba,0
2024,June,2,12,2-12,8,Preemergent,Cynodon dactylon,4
2024,June,2,12,2-12,8,Preemergent,Cyperus spp.,2
2024,June,2,12,2-12,8,Preemergent,Erigeron canadensis,3
2024,June,2,12,2-12,8,Preemergent,Indigofera hirsuta,0
2024,June,2,12,2-12,8,Preemergent,Lactuca canadensis,0
2024,June,2,12,2-12,8,Preemergent,Oenethra laciniata,0
2024,June,2,12,2-12,8,Preemergent,Oxalis corniculata,2
2024,June,2,12,2-12,8,Preemergent,Paspalum notatum,9
2024,June,2,12,2-12,8,Preemergent,Paspalum setaceum,0
2024,June,2,12,2-12,8,Preemergent,Richardia spp.,2
2024,June,2,12,2-12,9,Preemergent,Androppogon virginicus,0
2024,June,2,12,2-12,9,Preemergent,Bare Ground,0
2024,June,2,12,2-12,9,Preemergent,Cynodon dactylon,4
2024,June,2,12,2-12,9,Preemergent,Cyperus spp.,0
2024,June,2,12,2-12,9,Preemergent,Erigeron canadensis,3
2024,June,2,12,2-12,9,Preemergent,Indigofera hirsuta,0
2024,June,2,12,2-12,9,Preemergent,Lactuca canadensis,0
2024,June,2,12,2-12,9,Preemergent,Oenethra laciniata,0
2024,June,2,12,2-12,9,Preemergent,Oxalis corniculata,0
2024,June,2,12,2-12,9,Preemergent,Paspalum notatum,9
2024,June,2,12,2-12,9,Preemergent,Paspalum setaceum,0
2024,June,2,12,2-12,9,Preemergent,Polypremum procumbers,5
2024,June,2,12,2-12,9,Preemergent,Richardia spp.,3
2024,June,2,12,2-12,10,Preemergent,Androppogon virginicus,0
2024,June,2,12,2-12,10,Preemergent,Bare Ground,1
2024,June,2,12,2-12,10,Preemergent,Cynodon dactylon,2
2024,June,2,12,2-12,10,Preemergent,Cyperus spp.,2
2024,June,2,12,2-12,10,Preemergent,Erigeron canadensis,0
2024,June,2,12,2-12,10,Preemergent,Indigofera hirsuta,2
2024,June,2,12,2-12,10,Preemergent,Lactuca canadensis,0
2024,June,2,12,2-12,10,Preemergent,Oenethra laciniata,2
2024,June,2,12,2-12,10,Preemergent,Oxalis corniculata,0
2024,June,2,12,2-12,10,Preemergent,Paspalum notatum,9
2024,June,2,12,2-12,10,Preemergent,Paspalum setaceum,2
2024,June,2,12,2-12,10,Preemergent,Polypremum procumbers,5
2024,June,2,12,2-12,10,Preemergent,Richardia spp.,2